tag	area_code	subtitle_location	drawing	level	project_site
1880	1880	BATCH HOUSE +17.460	DE040723A	17.46	CINER GLASS BELGIUM
1897	1897	BATCH HOUSE +17.460	DE040723A	17.46	CINER GLASS BELGIUM
1911	1911	BATCH HOUSE +17.460	DE040723A	17.46	CINER GLASS BELGIUM
1921	1921	BATCH HOUSE +17.460	DE040723A	17.46	CINER GLASS BELGIUM
1931	1931	BATCH HOUSE +17.460	DE040723A	17.46	CINER GLASS BELGIUM
1941	1941	BATCH HOUSE +17.460	DE040723A	17.46	CINER GLASS BELGIUM
1981	1981	BATCH HOUSE +17.460	DE040723A	17.46	CINER GLASS BELGIUM
1983	1983	BATCH HOUSE +17.460	DE040723A	17.46	CINER GLASS BELGIUM
6111	6111	BATCH TRANSPORT START	DE040732A	0	CINER GLASS BELGIUM
6211	6211	BATCH TRANSPORT START	DE040732A	0	CINER GLASS BELGIUM
7561	7561	BATCH HOUSE +17.460	DE040723A	17.46	CINER GLASS BELGIUM
7562	7562	BATCH HOUSE +17.460	DE040723A	17.46	CINER GLASS BELGIUM
7563	7563	BATCH HOUSE +17.460	DE040723A	17.46	CINER GLASS BELGIUM
7564	7564	BATCH HOUSE +17.460	DE040723A	17.46	CINER GLASS BELGIUM
7565	7565	BATCH HOUSE +17.460	DE040723A	17.46	CINER GLASS BELGIUM
0111-AH1	111	BATCH HOUSE -3.850	DE040718A	-3.85	CINER GLASS BELGIUM
0121-E51	121	BATCH HOUSE +22.760	DE040724A	22.76	CINER GLASS BELGIUM
0131-AH1	131	BATCH HOUSE +5.135	DE040720A	5.135	CINER GLASS BELGIUM
0131-E51	131	BATCH HOUSE +5.135	DE040720A	5.135	CINER GLASS BELGIUM
0131-ES2	131	BATCH HOUSE +17.460	DE040723A	17.46	CINER GLASS BELGIUM
0151A-AH1	0151A	CULLET TOWER -5.000	DE040727A	-5	CINER GLASS BELGIUM
0151A-AH2	0151A	CULLET TOWER -5.000	DE040727A	-5	CINER GLASS BELGIUM
0151A-AH3	0151A	CULLET TOWER -3.500	DE040727A	-3.5	CINER GLASS BELGIUM
0151A-AH5	0151A	CULLET TOWER -3.500	DE040727A	-3.5	CINER GLASS BELGIUM
0151A-LCP1	0151A	CULLET TOWER -5.000	DE040727A	-5	CINER GLASS BELGIUM
0155A-AHL	0155A	CULLET TOWER +32.380	DE040731A	32.38	CINER GLASS BELGIUM
0162-AH2	162	BATCH TRANSPORT END +21.341	DE040733A	21.341	CINER GLASS BELGIUM
0162-AH4	162	BATCH TRANSPORT END +21.341	DE040733A	21.341	CINER GLASS BELGIUM
0171A-AH3	0171A	CULLET TOWER -3.500	DE040727A	-3.5	CINER GLASS BELGIUM
0171A-AHL	0171A	CULLET TOWER +32.380	DE040731A	32.38	CINER GLASS BELGIUM
0171A-AHS	0171A	CULLET TOWER +26.300 / +29.000	DE040731A	0.906896552	CINER GLASS BELGIUM
0171-AHG	171	CULLET TOWER +18.800	DE040729A	18.8	CINER GLASS BELGIUM
0177A-ES1	0177A	CULLET TOWER +22.700	DE040730A	22.7	CNUD
0751A-ES2	0751A	CULLET TOWER +0.000	DE040728A	0	CINER GLASS BELGIUM
0751A-ES3	0751A	CULLET TOWER +0.000	DE040728A	0	CINER GLASS BELGIUM
0751A-LCP2	0751A	CULLET TOWER +0.000	DE040728A	0	CINER GLASS BELGIUM
0751A-LCP3	0751A	CULLET TOWER +0.000	DE040728A	0	CINER GLASS BELGIUM
1795A-AS1	1795A	CULLET TOWER +26.300 / +29.000	DE040731A	0.906896552	CINER GLASS BELGIUM
1795A-AS2	1795A	CULLET TOWER +26.300 / +29.000	DE040731A	0.906896552	CINER GLASS BELGIUM
1795A-BS1	1795A	CULLET TOWER +26.300 / +29.000	DE040731A	0.906896552	CINER GLASS BELGIUM
1795A-ESR1	1795A	CULLET TOWER +26.300 / +29.000	DE040731A	0.906896552	CINER GLASS BELGIUM
1795A-ESR2	1795A	CULLET TOWER +26.300 / +29.000	DE040731A	0.906896552	CINER GLASS BELGIUM
1795A-M1	1795A	CULLET TOWER +26.300 / +29.000	DE040731A	0.906896552	CINER GLASS BELGIUM
1795A-MS1	1795A	CULLET TOWER +26.300 / +29.000	DE040731A	0.906896552	CINER GLASS BELGIUM
1795A-Q1	1795A	CULLET TOWER +26.300 / +29.000	DE040731A	0.906896552	CINER GLASS BELGIUM
1795A-SS1	1795A	CULLET TOWER +26.300 / +29.000	DE040731A	0.906896552	CINER GLASS BELGIUM
5011A-AS1	5011A	BATCH HOUSE +8.190...+9.965	DE040721A	+8.190...+9.965	CINER GLASS BELGIUM
5011A-AS2	5011A	BATCH HOUSE +8.190...+9.965	DE040721A	+8.190...+9.965	CINER GLASS BELGIUM
5011A-AS3	5011A	BATCH HOUSE +8.190...+9.965	DE040721A	+8.190...+9.965	CINER GLASS BELGIUM
5011A-AS4	5011A	BATCH HOUSE +8.190...+9.965	DE040721A	+8.190...+9.965	CINER GLASS BELGIUM
5011A-ESR1	5011A	BATCH HOUSE +8.190...+9.965	DE040721A	+8.190...+9.965	CINER GLASS BELGIUM
5011A-ESR2	5011A	BATCH HOUSE +8.190...+9.965	DE040721A	+8.190...+9.965	CINER GLASS BELGIUM
5011A-MS1	5011A	BATCH HOUSE +8.190...+9.965	DE040721A	+8.190...+9.965	CINER GLASS BELGIUM
5011A-SS1	5011A	BATCH HOUSE +8.190...+9.965	DE040721A	+8.190...+9.965	CINER GLASS BELGIUM
5011B-AS1	5011B	BATCH HOUSE +8.190...+9.965	DE040721A	+8.190...+9.965	CINER GLASS BELGIUM
5011B-AS2	5011B	BATCH HOUSE +8.190...+9.965	DE040721A	+8.190...+9.965	CINER GLASS BELGIUM
5011B-AS3	5011B	BATCH HOUSE +8.190...+9.965	DE040721A	+8.190...+9.965	CINER GLASS BELGIUM
5011B-AS4	5011B	BATCH HOUSE +8.190...+9.965	DE040721A	+8.190...+9.965	CINER GLASS BELGIUM
5011B-ESR1	5011B	BATCH HOUSE +8.190...+9.965	DE040721A	+8.190...+9.965	CINER GLASS BELGIUM
5011B-ESR2	5011B	BATCH HOUSE +8.190...+9.965	DE040721A	+8.190...+9.965	CINER GLASS BELGIUM
5011B-M1	5011B	BATCH HOUSE +8.190...+9.965	DE040721A	+8.190...+9.965	CINER GLASS BELGIUM
5011B-SS1	5011B	BATCH HOUSE +8.190...+9.965	DE040721A	+8.190...+9.965	CINER GLASS BELGIUM
50A4	50A4	BATCH HOUSE CULLET RETURN	DE040734A	CULLET RETURN	AGC GLASS BELGIUM
50B1	50B1	BATCH HOUSE CULLET RETURN	DE040734A	CULLET RETURN	AGC GLASS BELGIUM
50C1	50C1	BATCH HOUSE CULLET RETURN	DE040734A	CULLET RETURN	AGC GLASS BELGIUM
50D1	50D1	BATCH HOUSE CULLET RETURN	DE040734A	CULLET RETURN	AGC GLASS BELGIUM
50F1	50F1	BATCH HOUSE CULLET RETURN	DE040734A	CULLET RETURN	AGC GLASS BELGIUM
50G1	50G1	BATCH HOUSE CULLET RETURN	DE040734A	CULLET RETURN	AGC GLASS BELGIUM
50H1	50H1	BATCH HOUSE CULLET RETURN	DE040734A	CULLET RETURN	AGC GLASS BELGIUM
50J1	50J1	BATCH HOUSE CULLET RETURN	DE040734A	CULLET RETURN	AGC GLASS BELGIUM
50K1	50K1	BATCH HOUSE CULLET RETURN	DE040734A	CULLET RETURN	AGC GLASS BELGIUM
50L1	50L1	BATCH HOUSE CULLET RETURN	DE040734A	CULLET RETURN	AGC GLASS BELGIUM
50M1	50M1	BATCH HOUSE CULLET RETURN	DE040734A	CULLET RETURN	AGC GLASS BELGIUM
50N1	50N1	BATCH HOUSE CULLET RETURN	DE040734A	CULLET RETURN	AGC GLASS BELGIUM
50P1	50P1	BATCH HOUSE CULLET RETURN	DE040734A	CULLET RETURN	AGC GLASS BELGIUM
50Q1	50Q1	BATCH HOUSE CULLET RETURN	DE040734A	CULLET RETURN	AGC GLASS BELGIUM
50R1	50R1	BATCH HOUSE CULLET RETURN	DE040734A	CULLET RETURN	AGC GLASS BELGIUM
50S1	50S1	BATCH HOUSE CULLET RETURN	DE040734A	CULLET RETURN	AGC GLASS BELGIUM
50T1	50T1	BATCH HOUSE CULLET RETURN	DE040734A	CULLET RETURN	AGC GLASS BELGIUM
50U1	50U1	BATCH HOUSE CULLET RETURN	DE040734A	CULLET RETURN	AGC GLASS BELGIUM
50V1	50V1	BATCH HOUSE CULLET RETURN	DE040734A	CULLET RETURN	AGC GLASS BELGIUM
50W1	50W1	BATCH HOUSE CULLET RETURN	DE040734A	CULLET RETURN	AGC GLASS BELGIUM
50X1	50X1	BATCH HOUSE CULLET RETURN	DE040734A	CULLET RETURN	AGC GLASS BELGIUM
50Y1	50Y1	BATCH HOUSE CULLET RETURN	DE040734A	CULLET RETURN	AGC GLASS BELGIUM
50Z1	50Z1	BATCH HOUSE CULLET RETURN	DE040734A	CULLET RETURN	AGC GLASS BELGIUM
5111-TB1	5111	BATCH HOUSE +5.135	DE040720A	5.135	CINER GLASS BELGIUM
51A1	51A1	BATCH HOUSE CULLET RETURN	DE040734A	CULLET RETURN	AGC GLASS BELGIUM
51B1	51B1	BATCH HOUSE CULLET RETURN	DE040734A	CULLET RETURN	AGC GLASS BELGIUM
51C1	51C1	BATCH HOUSE CULLET RETURN	DE040734A	CULLET RETURN	AGC GLASS BELGIUM
51D1	51D1	BATCH HOUSE CULLET RETURN	DE040734A	CULLET RETURN	AGC GLASS BELGIUM
51F1	51F1	BATCH HOUSE CULLET RETURN	DE040734A	CULLET RETURN	AGC GLASS BELGIUM
51G1	51G1	BATCH HOUSE CULLET RETURN	DE040734A	CULLET RETURN	AGC GLASS BELGIUM
51H1	51H1	BATCH HOUSE CULLET RETURN	DE040734A	CULLET RETURN	AGC GLASS BELGIUM
51J1	51J1	BATCH HOUSE CULLET RETURN	DE040734A	CULLET RETURN	AGC GLASS BELGIUM
51K1	51K1	BATCH HOUSE CULLET RETURN	DE040734A	CULLET RETURN	AGC GLASS BELGIUM
51L1	51L1	BATCH HOUSE CULLET RETURN	DE040734A	CULLET RETURN	AGC GLASS BELGIUM
51M1	51M1	BATCH HOUSE CULLET RETURN	DE040734A	CULLET RETURN	AGC GLASS BELGIUM
51N1	51N1	BATCH HOUSE CULLET RETURN	DE040734A	CULLET RETURN	AGC GLASS BELGIUM
51P1	51P1	BATCH HOUSE CULLET RETURN	DE040734A	CULLET RETURN	AGC GLASS BELGIUM
51Q1	51Q1	BATCH HOUSE CULLET RETURN	DE040734A	CULLET RETURN	AGC GLASS BELGIUM
51R1	51R1	BATCH HOUSE CULLET RETURN	DE040734A	CULLET RETURN	AGC GLASS BELGIUM
51S1	51S1	BATCH HOUSE CULLET RETURN	DE040734A	CULLET RETURN	AGC GLASS BELGIUM
51T1	51T1	BATCH HOUSE CULLET RETURN	DE040734A	CULLET RETURN	AGC GLASS BELGIUM
51U1	51U1	BATCH HOUSE CULLET RETURN	DE040734A	CULLET RETURN	AGC GLASS BELGIUM
51V1	51V1	BATCH HOUSE CULLET RETURN	DE040734A	CULLET RETURN	AGC GLASS BELGIUM
51W1	51W1	BATCH HOUSE CULLET RETURN	DE040734A	CULLET RETURN	AGC GLASS BELGIUM
51X1	51X1	BATCH HOUSE CULLET RETURN	DE040734A	CULLET RETURN	AGC GLASS BELGIUM
51Y1	51Y1	BATCH HOUSE CULLET RETURN	DE040734A	CULLET RETURN	AGC GLASS BELGIUM
51Z1	51Z1	BATCH HOUSE CULLET RETURN	DE040734A	CULLET RETURN	AGC GLASS BELGIUM
5211-TB1	5211	BATCH HOUSE +5.135	DE040720A	5.135	CINER GLASS BELGIUM
52A1	52A1	BATCH HOUSE CULLET RETURN	DE040734A	CULLET RETURN	AGC GLASS BELGIUM
52B1	52B1	BATCH HOUSE CULLET RETURN	DE040734A	CULLET RETURN	AGC GLASS BELGIUM
52C1	52C1	BATCH HOUSE CULLET RETURN	DE040734A	CULLET RETURN	AGC GLASS BELGIUM
52D1	52D1	BATCH HOUSE CULLET RETURN	DE040734A	CULLET RETURN	AGC GLASS BELGIUM
52F1	52F1	BATCH HOUSE CULLET RETURN	DE040734A	CULLET RETURN	AGC GLASS BELGIUM
52G1	52G1	BATCH HOUSE CULLET RETURN	DE040734A	CULLET RETURN	AGC GLASS BELGIUM
52H1	52H1	BATCH HOUSE CULLET RETURN	DE040734A	CULLET RETURN	AGC GLASS BELGIUM
52J1	52J1	BATCH HOUSE CULLET RETURN	DE040734A	CULLET RETURN	AGC GLASS BELGIUM
52K1	52K1	BATCH HOUSE CULLET RETURN	DE040734A	CULLET RETURN	AGC GLASS BELGIUM
52L1	52L1	BATCH HOUSE CULLET RETURN	DE040734A	CULLET RETURN	AGC GLASS BELGIUM
52M1	52M1	BATCH HOUSE CULLET RETURN	DE040734A	CULLET RETURN	AGC GLASS BELGIUM
52N1	52N1	BATCH HOUSE CULLET RETURN	DE040734A	CULLET RETURN	AGC GLASS BELGIUM
52P1	52P1	BATCH HOUSE CULLET RETURN	DE040734A	CULLET RETURN	AGC GLASS BELGIUM
52Q1	52Q1	BATCH HOUSE CULLET RETURN	DE040734A	CULLET RETURN	AGC GLASS BELGIUM
52R1	52R1	BATCH HOUSE CULLET RETURN	DE040734A	CULLET RETURN	AGC GLASS BELGIUM
52S1	52S1	BATCH HOUSE CULLET RETURN	DE040734A	CULLET RETURN	AGC GLASS BELGIUM
52T1	52T1	BATCH HOUSE CULLET RETURN	DE040734A	CULLET RETURN	AGC GLASS BELGIUM
52U1	52U1	BATCH HOUSE CULLET RETURN	DE040734A	CULLET RETURN	AGC GLASS BELGIUM
52V1	52V1	BATCH HOUSE CULLET RETURN	DE040734A	CULLET RETURN	AGC GLASS BELGIUM
52W1	52W1	BATCH HOUSE CULLET RETURN	DE040734A	CULLET RETURN	AGC GLASS BELGIUM
52X1	52X1	BATCH HOUSE CULLET RETURN	DE040734A	CULLET RETURN	AGC GLASS BELGIUM
52Y1	52Y1	BATCH HOUSE CULLET RETURN	DE040734A	CULLET RETURN	AGC GLASS BELGIUM
52Z1	52Z1	BATCH HOUSE CULLET RETURN	DE040734A	CULLET RETURN	AGC GLASS BELGIUM
5311-TB1	5311	BATCH HOUSE +5.135	DE040720A	5.135	CINER GLASS BELGIUM
53A1	53A1	BATCH HOUSE CULLET RETURN	DE040734A	CULLET RETURN	AGC GLASS BELGIUM
53B1	53B1	BATCH HOUSE CULLET RETURN	DE040734A	CULLET RETURN	AGC GLASS BELGIUM
53C1	53C1	BATCH HOUSE CULLET RETURN	DE040734A	CULLET RETURN	AGC GLASS BELGIUM
53D1	53D1	BATCH HOUSE CULLET RETURN	DE040734A	CULLET RETURN	AGC GLASS BELGIUM
53F1	53F1	BATCH HOUSE CULLET RETURN	DE040734A	CULLET RETURN	AGC GLASS BELGIUM
53G1	53G1	BATCH HOUSE CULLET RETURN	DE040734A	CULLET RETURN	AGC GLASS BELGIUM
53H1	53H1	BATCH HOUSE CULLET RETURN	DE040734A	CULLET RETURN	AGC GLASS BELGIUM
53J1	53J1	BATCH HOUSE CULLET RETURN	DE040734A	CULLET RETURN	AGC GLASS BELGIUM
53K1	53K1	BATCH HOUSE CULLET RETURN	DE040734A	CULLET RETURN	AGC GLASS BELGIUM
53L1	53L1	BATCH HOUSE CULLET RETURN	DE040734A	CULLET RETURN	AGC GLASS BELGIUM
53M1	53M1	BATCH HOUSE CULLET RETURN	DE040734A	CULLET RETURN	AGC GLASS BELGIUM
53N1	53N1	BATCH HOUSE CULLET RETURN	DE040734A	CULLET RETURN	AGC GLASS BELGIUM
53P1	53P1	BATCH HOUSE CULLET RETURN	DE040734A	CULLET RETURN	AGC GLASS BELGIUM
53Q1	53Q1	BATCH HOUSE CULLET RETURN	DE040734A	CULLET RETURN	AGC GLASS BELGIUM
53R1	53R1	BATCH HOUSE CULLET RETURN	DE040734A	CULLET RETURN	AGC GLASS BELGIUM
53S1	53S1	BATCH HOUSE CULLET RETURN	DE040734A	CULLET RETURN	AGC GLASS BELGIUM
53T1	53T1	BATCH HOUSE CULLET RETURN	DE040734A	CULLET RETURN	AGC GLASS BELGIUM
53U1	53U1	BATCH HOUSE CULLET RETURN	DE040734A	CULLET RETURN	AGC GLASS BELGIUM
53V1	53V1	BATCH HOUSE CULLET RETURN	DE040734A	CULLET RETURN	AGC GLASS BELGIUM
53W1	53W1	BATCH HOUSE CULLET RETURN	DE040734A	CULLET RETURN	AGC GLASS BELGIUM
53X1	53X1	BATCH HOUSE CULLET RETURN	DE040734A	CULLET RETURN	AGC GLASS BELGIUM
53Y1	53Y1	BATCH HOUSE CULLET RETURN	DE040734A	CULLET RETURN	AGC GLASS BELGIUM
53Z1	53Z1	BATCH HOUSE CULLET RETURN	DE040734A	CULLET RETURN	AGC GLASS BELGIUM
6111-JB1	6111	BATCH HOUSE +0.000
6111-M1	6111	BATCH HOUSE +0.000
6111-M2	6111	BATCH HOUSE +0.000
6111-XV1	6111	BATCH HOUSE +0.000
6111-XV2	6111	BATCH HOUSE +0.000
6111-ZS1	6111	BATCH HOUSE +0.000
6121-JB1	6121	BATCH HOUSE +0.000
6121-M1	6121	BATCH HOUSE +0.000
6121-M2	6121	BATCH HOUSE +0.000
6121-XV1	6121	BATCH HOUSE +0.000
6121-ZS1	6121	BATCH HOUSE +0.000
6121-ZS2	6121	BATCH HOUSE +0.000
6221-JB1	6221	BATCH HOUSE +0.000
6221-M1	6221	BATCH HOUSE +0.000
6221-M2	6221	BATCH HOUSE +0.000
6221-XV1	6221	BATCH HOUSE +0.000
6221-ZS1	6221	BATCH HOUSE +0.000
6221-ZS2	6221	BATCH HOUSE +0.000
8161-AH2	8161	BATCH TRANSPORT END +21.341	DE040733A	21.341	CINER GLASS BELGIUM
8162-AH1	8162	BATCH TRANSPORT END +21.341	DE040733A	21.341	CINER GLASS BELGIUM
8162-AH5	8162	BATCH TRANSPORT END +21.341	DE040733A	21.341	CINER GLASS BELGIUM
BA1952-D1	1952	BATCH HOUSE +22.760	DE040724A	22.76	CINER GLASS BELGIUM
BA1952-M1	1952	BATCH HOUSE +22.760	DE040724A	22.76	CINER GLASS BELGIUM
BA4111A-M1	4111	BATCH HOUSE +10.435
BA4111A-M2	4111	BATCH HOUSE +10.435
BA4311-M1	4311	BATCH HOUSE +10.435
BA4331-Q1	4331	BATCH HOUSE +10.435
BE1131-B51	1131	BATCH HOUSE +32.460...+42.125	DE040725A	+32.460...+42.125	CINER GLASS BELGIUM
BE1131-ES1	1131	BATCH HOUSE -3.850	DE040718A	-3.85	CINER GLASS BELGIUM
BE1131-ES3	1131	BATCH HOUSE +32.460...+42.125	DE040725A	+32.460...+42.125	CINER GLASS BELGIUM
BE1131-M2	1131	BATCH HOUSE -3.850	DE040718A	-3.85	CINER GLASS BELGIUM
BE1131-MS1	1131	BATCH HOUSE +32.460...+42.125	DE040725A	+32.460...+42.125	CINER GLASS BELGIUM
BE1131-Q2	1131	BATCH HOUSE -3.850	DE040718A	-3.85	CINER GLASS BELGIUM
BE1231-ES1	1231	BATCH HOUSE -3.850	DE040718A	-3.85	CINER GLASS BELGIUM
BE1231-M2	1231	BATCH HOUSE -3.850	DE040718A	-3.85	CINER GLASS BELGIUM
BE1231-Q2	1231	BATCH HOUSE -3.850	DE040718A	-3.85	CINER GLASS BELGIUM
BE1751A-AS1	1751	CULLET TOWER +0.000	DE040728A	0	CINER GLASS BELGIUM
BE1751A-AS2	1751	CULLET TOWER +0.000	DE040728A	0	CINER GLASS BELGIUM
BE1751A-AS3	1751	CULLET TOWER +26.300 / +29.000	DE040731A	0.906896552	CINER GLASS BELGIUM
BE1751A-AS4	1751	CULLET TOWER +26.300 / +29.000	DE040731A	0.906896552	CINER GLASS BELGIUM
BE1751A-ES3	1751	CULLET TOWER +32.380	DE040731A	32.38	CINER GLASS BELGIUM
BE1751A-M1	1751	CULLET TOWER +26.300 / +29.000	DE040731A	0.906896552	CINER GLASS BELGIUM
BE1751A-M1	1751	CULLET TOWER +32.380	DE040731A	32.38	CINER GLASS BELGIUM
BE1751A-M2	1751	CULLET TOWER -3.500	DE040727A	-3.5	CINER GLASS BELGIUM
BE1751A-Q1	1751	CULLET TOWER +32.380	DE040731A	32.38	CINER GLASS BELGIUM
BE1751A-S51	1751	CULLET TOWER -3.500	DE040727A	-3.5	CINER GLASS BELGIUM
BE1761A-AS1	1761	CULLET TOWER +0.000	DE040728A	0	CINER GLASS BELGIUM
BE1761A-AS2	1761	CULLET TOWER +0.000	DE040728A	0	CINER GLASS BELGIUM
BE1761A-AS3	1761	CULLET TOWER +26.300 / +29.000	DE040731A	0.906896552	CINER GLASS BELGIUM
BE1761A-AS4	1761	CULLET TOWER +26.300 / +29.000	DE040731A	0.906896552	CINER GLASS BELGIUM
BE1761A-ES3	1761	CULLET TOWER +32.380	DE040731A	32.38	CINER GLASS BELGIUM
BE1761A-M1	1761	CULLET TOWER +26.300 / +29.000	DE040731A	0.906896552	CINER GLASS BELGIUM
BE1761A-M1	1761	CULLET TOWER +32.380	DE040731A	32.38	CINER GLASS BELGIUM
BE1761A-M2	1761	CULLET TOWER -3.500	DE040727A	-3.5	CINER GLASS BELGIUM
BE1761A-Q1	1761	CULLET TOWER +32.380	DE040731A	32.38	CINER GLASS BELGIUM
BE1761A-S51	1761	CULLET TOWER -3.500	DE040727A	-3.5	CINER GLASS BELGIUM
BE1811A-M2	1811	CULLET TOWER -3.500	DE040727A	-3.5	CINER GLASS BELGIUM
BE1811A-S51	1811	CULLET TOWER -3.500	DE040727A	-3.5	CINER GLASS BELGIUM
BE1831A-AS1	1831	CULLET TOWER +0.000	DE040728A	0	CINER GLASS BELGIUM
BE1831A-AS2	1831	CULLET TOWER +0.000	DE040728A	0	CINER GLASS BELGIUM
BE1831A-AS3	1831	CULLET TOWER +26.300 / +29.000	DE040731A	0.906896552	CINER GLASS BELGIUM
BE1831A-AS4	1831	CULLET TOWER +26.300 / +29.000	DE040731A	0.906896552	CINER GLASS BELGIUM
BE1831A-ES3	1831	CULLET TOWER +32.380	DE040731A	32.38	CINER GLASS BELGIUM
BE1831A-M1	1831	CULLET TOWER +26.300 / +29.000	DE040731A	0.906896552	CINER GLASS BELGIUM
BE1831A-M1	1831	CULLET TOWER +32.380	DE040731A	32.38	CINER GLASS BELGIUM
BE1831A-M2	1831	CULLET TOWER -3.500	DE040727A	-3.5	CINER GLASS BELGIUM
BE1831A-Q1	1831	CULLET TOWER +32.380	DE040731A	32.38	CINER GLASS BELGIUM
BE1831A-S51	1831	CULLET TOWER -3.500	DE040727A	-3.5	CINER GLASS BELGIUM
BE1831-ES2	1831	CULLET TOWER +0.000	DE040728A	0	CINER GLASS BELGIUM
BE1831-ES3	1831	CULLET TOWER +0.000	DE040728A	0	CINER GLASS BELGIUM
BE1871A-AS1	1871	CULLET TOWER +0.000	DE040728A	0	CINER GLASS BELGIUM
BE1871A-AS2	1871	CULLET TOWER +0.000	DE040728A	0	CINER GLASS BELGIUM
BE1871A-AS3	1871	CULLET TOWER +26.300	DE040730A	26.3	CNUD
BE1871A-AS4	1871	CULLET TOWER +26.300	DE040730A	26.3	CNUD
BE1871A-BS1	1871	CULLET TOWER +32.380	DE040731A	32.38	CINER GLASS BELGIUM
BE1871A-ES3	1871	CULLET TOWER +32.380	DE040731A	32.38	CINER GLASS BELGIUM
BE1871A-M1	1871	CULLET TOWER +32.380	DE040731A	32.38	CINER GLASS BELGIUM
BE1871A-Q1	1871	CULLET TOWER +32.380	DE040731A	32.38	CINER GLASS BELGIUM
BE9101A-ES3	9101	CULLET TOWER +32.380	DE040731A	32.38	CINER GLASS BELGIUM
BE9101A-M1	9101	CULLET TOWER +32.380	DE040731A	32.38	CINER GLASS BELGIUM
BE9101A-Q1	9101	CULLET TOWER +32.380	DE040731A	32.38	CINER GLASS BELGIUM
BE9301A-BS1	9301	CULLET TOWER +32.380	DE040731A	32.38	CINER GLASS BELGIUM
BE9301A-M1	9301	CULLET TOWER +32.380	DE040731A	32.38	CINER GLASS BELGIUM
BE9301A-M2	9301	CULLET TOWER -3.500	DE040727A	-3.5	CINER GLASS BELGIUM
BE9301A-S51	9301	CULLET TOWER -3.500	DE040727A	-3.5	CINER GLASS BELGIUM
BE9311A-AS3	9311	CULLET TOWER +26.300	DE040730A	26.3	CNUD
BE9311A-AS4	9311	CULLET TOWER +26.300	DE040730A	26.3	CNUD
BE9331A-AS1	9331	CULLET TOWER +0.000	DE040728A	0	CINER GLASS BELGIUM
BE9331A-AS2	9331	CULLET TOWER +0.000	DE040728A	0	CINER GLASS BELGIUM
BE9331-ES2	9331	CULLET TOWER +0.000	DE040728A	0	CINER GLASS BELGIUM
BE9331-ES3	9331	CULLET TOWER +0.000	DE040728A	0	CINER GLASS BELGIUM
C1121-AS1	1121	BATCH HOUSE -3.850	DE040718A	-3.85	CINER GLASS BELGIUM
C1121-AS2	1121	BATCH HOUSE -3.850	DE040718A	-3.85	CINER GLASS BELGIUM
C1121-BS1	1121	BATCH HOUSE -3.850	DE040718A	-3.85	CINER GLASS BELGIUM
C1121-ESR1	1121	BATCH HOUSE -3.850	DE040718A	-3.85	CINER GLASS BELGIUM
C1121-ESR2	1121	BATCH HOUSE -3.850	DE040718A	-3.85	CINER GLASS BELGIUM
C1121-M1	1121	BATCH HOUSE -3.850	DE040718A	-3.85	CINER GLASS BELGIUM
C1121-MS1	1121	BATCH HOUSE -3.850	DE040718A	-3.85	CINER GLASS BELGIUM
C1121-Q1	1121	BATCH HOUSE -3.850	DE040718A	-3.85	CINER GLASS BELGIUM
C1121-SS1	1121	BATCH HOUSE -3.850	DE040718A	-3.85	CINER GLASS BELGIUM
C1221-AS1	1221	BATCH HOUSE -3.850	DE040718A	-3.85	CINER GLASS BELGIUM
C1221-AS2	1221	BATCH HOUSE -3.850	DE040718A	-3.85	CINER GLASS BELGIUM
C1221-BS1	1221	BATCH HOUSE -3.850	DE040718A	-3.85	CINER GLASS BELGIUM
C1221-ESR1	1221	BATCH HOUSE -3.850	DE040718A	-3.85	CINER GLASS BELGIUM
C1221-ESR2	1221	BATCH HOUSE -3.850	DE040718A	-3.85	CINER GLASS BELGIUM
C1221-M1	1221	BATCH HOUSE -3.850	DE040718A	-3.85	CINER GLASS BELGIUM
C1221-MS1	1221	BATCH HOUSE -3.850	DE040718A	-3.85	CINER GLASS BELGIUM
C1221-Q1	1221	BATCH HOUSE -3.850	DE040718A	-3.85	CINER GLASS BELGIUM
C1221-SS1	1221	BATCH HOUSE -3.850	DE040718A	-3.85	CINER GLASS BELGIUM
C1311A-SS1	C1311A	CULLET TOWER -5.000	DE040727A	-5	CINER GLASS BELGIUM
C1331A-SS1	C1331A	CULLET TOWER -5.000	DE040727A	-5	CINER GLASS BELGIUM
C6131A-AS1	C6131A	BATCH TRANSPORT START +0.000	DE040732A	0	CINER GLASS BELGIUM
C6131A-AS1	C6131A	BATCH TRANSPORT START +20.730 / +18.370	DE040732A	1.128470332	CINER GLASS BELGIUM
C6131A-AS2	C6131A	BATCH TRANSPORT START +0.000	DE040732A	0	CINER GLASS BELGIUM
C6131A-AS2	C6131A	BATCH TRANSPORT START +20.730 / +18.370	DE040732A	1.128470332	CINER GLASS BELGIUM
C6131A-ESR1	C6131A	BATCH TRANSPORT START	DE040732A	0	CINER GLASS BELGIUM
C6131A-ESR2	C6131A	BATCH TRANSPORT START	DE040732A	0	CINER GLASS BELGIUM
C6131A-M1	C6131A	BATCH TRANSPORT START +20.730 / +18.370	DE040732A	1.128470332	CINER GLASS BELGIUM
C6131A-MS1	C6131A	BATCH TRANSPORT START +20.730 / +18.370	DE040732A	1.128470332	CINER GLASS BELGIUM
C6131A-Q1	C6131A	BATCH TRANSPORT START +20.730 / +18.370	DE040732A	1.128470332	CINER GLASS BELGIUM
C6131A-SS1	C6131A	BATCH TRANSPORT START +0.000	DE040732A	0	CINER GLASS BELGIUM
C6151A-AS1	C6151A	BATCH TRANSPORT END +13.680	DE040733A	13.68	CINER GLASS BELGIUM
C6151A-AS2	C6151A	BATCH TRANSPORT END +13.680	DE040733A	13.68	CINER GLASS BELGIUM
C6151A-AS3	C6151A	BATCH TRANSPORT END +13.680	DE040733A	13.68	CINER GLASS BELGIUM
C6151A-AS4	C6151A	BATCH TRANSPORT END +13.680	DE040733A	13.68	CINER GLASS BELGIUM
C6151A-ESR1	C6151A	BATCH TRANSPORT END +13.680	DE040733A	13.68	CINER GLASS BELGIUM
C6151A-ESR2	C6151A	BATCH TRANSPORT END +13.680	DE040733A	13.68	CINER GLASS BELGIUM
C6151A-M1	C6151A	BATCH TRANSPORT END +13.680	DE040733A	13.68	CINER GLASS BELGIUM
C6161A-AS1	C6161A	BATCH TRANSPORT END +18.374	DE040733A	18.374	CINER GLASS BELGIUM
C6161A-AS2	C6161A	BATCH TRANSPORT END +18.374	DE040733A	18.374	CINER GLASS BELGIUM
C6161A-AS3	C6161A	BATCH TRANSPORT END +18.374	DE040733A	18.374	CINER GLASS BELGIUM
C6161A-AS4	C6161A	BATCH TRANSPORT END +18.374	DE040733A	18.374	CINER GLASS BELGIUM
C6161A-ESR1	C6161A	BATCH TRANSPORT END +18.374	DE040733A	18.374	CINER GLASS BELGIUM
C6161A-ESR2	C6161A	BATCH TRANSPORT END +18.374	DE040733A	18.374	CINER GLASS BELGIUM
C6161A-M1	C6161A	BATCH TRANSPORT END +18.374	DE040733A	18.374	CINER GLASS BELGIUM
C6171A-AS1	C6171A	BATCH TRANSPORT END +21.341	DE040733A	21.341	CINER GLASS BELGIUM
C6171A-AS2	C6171A	BATCH TRANSPORT END +21.341	DE040733A	21.341	CINER GLASS BELGIUM
C6171A-ESR1	C6171A	BATCH TRANSPORT END +21.341	DE040733A	21.341	CINER GLASS BELGIUM
C6171A-ESR2	C6171A	BATCH TRANSPORT END +21.341	DE040733A	21.341	CINER GLASS BELGIUM
C6171A-M1	C6171A	BATCH TRANSPORT END +21.341	DE040733A	21.341	CINER GLASS BELGIUM
C6231A-AS1	C6231A	BATCH TRANSPORT START +0.000	DE040732A	0	CINER GLASS BELGIUM
C6231A-AS1	C6231A	BATCH TRANSPORT START +20.730 / +18.370	DE040732A	1.128470332	CINER GLASS BELGIUM
C6231A-AS2	C6231A	BATCH TRANSPORT START +0.000	DE040732A	0	CINER GLASS BELGIUM
C6231A-AS2	C6231A	BATCH TRANSPORT START +20.730 / +18.370	DE040732A	1.128470332	CINER GLASS BELGIUM
C6231A-ESR1	C6231A	BATCH TRANSPORT START	DE040732A	0	CINER GLASS BELGIUM
C6231A-ESR2	C6231A	BATCH TRANSPORT START	DE040732A	0	CINER GLASS BELGIUM
C6231A-M1	C6231A	BATCH TRANSPORT START +20.730 / +18.370	DE040732A	1.128470332	CINER GLASS BELGIUM
C6231A-MS1	C6231A	BATCH TRANSPORT START +20.730 / +18.370	DE040732A	1.128470332	CINER GLASS BELGIUM
C6231A-Q1	C6231A	BATCH TRANSPORT START +20.730 / +18.370	DE040732A	1.128470332	CINER GLASS BELGIUM
C6231A-SS1	C6231A	BATCH TRANSPORT START +0.000	DE040732A	0	CINER GLASS BELGIUM
C6251A-AS1	C6251A	BATCH TRANSPORT END +13.680	DE040733A	13.68	CINER GLASS BELGIUM
C6251A-AS2	C6251A	BATCH TRANSPORT END +13.680	DE040733A	13.68	CINER GLASS BELGIUM
C6251A-AS3	C6251A	BATCH TRANSPORT END +13.680	DE040733A	13.68	CINER GLASS BELGIUM
C6251A-ESR1	C6251A	BATCH TRANSPORT END +13.680	DE040733A	13.68	CINER GLASS BELGIUM
C6251A-ESR2	C6251A	BATCH TRANSPORT END +13.680	DE040733A	13.68	CINER GLASS BELGIUM
C6251A-M1	C6251A	BATCH TRANSPORT END +13.680	DE040733A	13.68	CINER GLASS BELGIUM
C6271A-AS1	C6271A	BATCH TRANSPORT END +21.341	DE040733A	21.341	CINER GLASS BELGIUM
C6271A-AS2	C6271A	BATCH TRANSPORT END +21.341	DE040733A	21.341	CINER GLASS BELGIUM
C6271A-ESR1	C6271A	BATCH TRANSPORT END +21.341	DE040733A	21.341	CINER GLASS BELGIUM
C6271A-ESR2	C6271A	BATCH TRANSPORT END +21.341	DE040733A	21.341	CINER GLASS BELGIUM
C6271A-M1	C6271A	BATCH TRANSPORT END +21.341	DE040733A	21.341	CINER GLASS BELGIUM
C9281A-AS1	C9281A	CULLET TOWER +0.000	DE040728A	0	CINER GLASS BELGIUM
C9281A-AS2	C9281A	CULLET TOWER +0.000	DE040728A	0	CINER GLASS BELGIUM
C9281A-BS1	C9281A	CULLET TOWER +0.000	DE040728A	0	CINER GLASS BELGIUM
C9281A-D1	C9281A	CULLET TOWER +0.000	DE040728A	0	CINER GLASS BELGIUM
C9281A-ESR2	C9281A	CULLET TOWER +0.000	DE040728A	0	CINER GLASS BELGIUM
C9281A-M1	C9281A	CULLET TOWER +0.000	DE040728A	0	CINER GLASS BELGIUM
C9281A-MS1	C9281A	CULLET TOWER +0.000	DE040728A	0	CINER GLASS BELGIUM
CC471A-AS1	471	CULLET TOWER +18.800	DE040729A	18.8	CINER GLASS BELGIUM
CC471A-AS2	471	CULLET TOWER +18.800	DE040729A	18.8	CINER GLASS BELGIUM
CC471A-B1	471	CULLET TOWER +18.800	DE040729A	18.8	CINER GLASS BELGIUM
CC471A-BS1	471	CULLET TOWER +18.800	DE040729A	18.8	CINER GLASS BELGIUM
CC471A-ESR1	471	CULLET TOWER +18.800	DE040729A	18.8	CINER GLASS BELGIUM
CC471A-ESR2	471	CULLET TOWER +18.800	DE040729A	18.8	CINER GLASS BELGIUM
CC471A-H1	471	CULLET TOWER +18.800	DE040729A	18.8	CINER GLASS BELGIUM
CC471A-SS1	471	CULLET TOWER +18.800	DE040729A	18.8	CINER GLASS BELGIUM
CG1178A-CB1	1178	CULLET TOWER +0.000	DE040728A	0	CINER GLASS BELGIUM
CG1178A-XV1	1178	CULLET TOWER +0.000	DE040728A	0	CINER GLASS BELGIUM
CG1178A-ZS1	1178	CULLET TOWER +0.000	DE040728A	0	CINER GLASS BELGIUM
CG1178A-ZS2	1178	CULLET TOWER +0.000	DE040728A	0	CINER GLASS BELGIUM
CG1844A-CB1	1844	CULLET TOWER +0.000	DE040728A	0	CINER GLASS BELGIUM
CG1844A-XV1	1844	CULLET TOWER +0.000	DE040728A	0	CINER GLASS BELGIUM
CG1844A-ZS1	1844	CULLET TOWER +0.000	DE040728A	0	CINER GLASS BELGIUM
CG1844A-ZS2	1844	CULLET TOWER +0.000	DE040728A	0	CINER GLASS BELGIUM
CG4477A-CB1	4477	CULLET TOWER +0.000	DE040728A	0	CINER GLASS BELGIUM
CG4477A-XV1	4477	CULLET TOWER +0.000	DE040728A	0	CINER GLASS BELGIUM
CG4477A-ZS1	4477	CULLET TOWER +0.000	DE040728A	0	CINER GLASS BELGIUM
CG4477A-ZS2	4477	CULLET TOWER +0.000	DE040728A	0	CINER GLASS BELGIUM
CG9324A-CB1	9324	CULLET TOWER +0.000	DE040728A	0	CINER GLASS BELGIUM
CG9324A-XV1	9324	CULLET TOWER +0.000	DE040728A	0	CINER GLASS BELGIUM
CG9324A-ZS1	9324	CULLET TOWER +0.000	DE040728A	0	CINER GLASS BELGIUM
CG9324A-ZS2	9324	CULLET TOWER +0.000	DE040728A	0	CINER GLASS BELGIUM
CT141A-AS1	141	CULLET TOWER +0.000	DE040728A	0	CINER GLASS BELGIUM
CT141A-AS2	141	CULLET TOWER +0.000	DE040728A	0	CINER GLASS BELGIUM
CT141A-BS1	141	CULLET TOWER +0.000	DE040728A	0	CINER GLASS BELGIUM
CT141A-ESR2	141	CULLET TOWER +0.000	DE040728A	0	CINER GLASS BELGIUM
CT141A-M1	141	CULLET TOWER +0.000	DE040728A	0	CINER GLASS BELGIUM
DC17555-CV1	1755	BATCH HOUSE +22.760	DE040724A	22.76	CINER GLASS BELGIUM
DCC1776A-XV1	1776	CULLET TOWER +26.300	DE040730A	26.3	CNUD
DCC1776A-XV2	1776	CULLET TOWER +26.300	DE040730A	26.3	CNUD
DCC1777A-XV1	1777	CULLET TOWER +26.300	DE040730A	26.3	CNUD
DCC1777A-XV2	1777	CULLET TOWER +26.300	DE040730A	26.3	CNUD
DCC1836A-XV1	1836	CULLET TOWER +26.300	DE040730A	26.3	CNUD
DCC1836A-XV2	1836	CULLET TOWER +26.300	DE040730A	26.3	CNUD
DCC1843A-XV1	1843	CULLET TOWER +26.300	DE040730A	26.3	CNUD
DCC1843A-XV2	1843	CULLET TOWER +26.300	DE040730A	26.3	CNUD
DCC1876A-XV1	1876	CULLET TOWER +26.300	DE040730A	26.3	CNUD
DCC1876A-XV2	1876	CULLET TOWER +26.300	DE040730A	26.3	CNUD
DCC1882A-XV1	1882	CULLET TOWER +26.300	DE040730A	26.3	CNUD
DCC1882A-XV2	1882	CULLET TOWER +26.300	DE040730A	26.3	CNUD
DCC1884A-XV1	1884	CULLET TOWER +26.300	DE040730A	26.3	CNUD
DCC1884A-XV2	1884	CULLET TOWER +26.300	DE040730A	26.3	CNUD
DCC4475A-M1	4475	CULLET TOWER +18.800	DE040729A	18.8	CINER GLASS BELGIUM
DCC9312A-XV1	9312	CULLET TOWER +26.300	DE040730A	26.3	CNUD
DCC9312A-XV2	9312	CULLET TOWER +26.300	DE040730A	26.3	CNUD
DCC9323A-XV1	9323	CULLET TOWER +26.300	DE040730A	26.3	CNUD
DCC9323A-XV2	9323	CULLET TOWER +26.300	DE040730A	26.3	CNUD
DCU1311A-Q1	1311	CULLET TOWER -5.000	DE040727A	-5	CINER GLASS BELGIUM
DCU1331A-Q1	1331	CULLET TOWER -5.000	DE040727A	-5	CINER GLASS BELGIUM
DCU1552A-CU1	1552	CULLET TOWER -5.000	DE040727A	-5	CINER GLASS BELGIUM
DCU1552A-M1	1552	CULLET TOWER -5.000	DE040727A	-5	CINER GLASS BELGIUM
DCU1553A-CU1	1553	CULLET TOWER -5.000	DE040727A	-5	CINER GLASS BELGIUM
DCU1553A-M1	1553	CULLET TOWER -5.000	DE040727A	-5	CINER GLASS BELGIUM
DCU1562A-CU1	1562	CULLET TOWER -5.000	DE040727A	-5	CINER GLASS BELGIUM
DCU1562A-M1	1562	CULLET TOWER -5.000	DE040727A	-5	CINER GLASS BELGIUM
DCU1563A-CU1	1563	CULLET TOWER -5.000	DE040727A	-5	CINER GLASS BELGIUM
DCU1563A-M1	1563	CULLET TOWER -5.000	DE040727A	-5	CINER GLASS BELGIUM
DCU1692A-M1	1692	BATCH TRANSPORT END +18.374	DE040733A	18.374	CINER GLASS BELGIUM
DCU1692A-XV1	1692	BATCH TRANSPORT END +18.374	DE040733A	18.374	CINER GLASS BELGIUM
DCU1692A-XV2	1692	BATCH TRANSPORT END +18.374	DE040733A	18.374	CINER GLASS BELGIUM
DCU7501-CU1	7501	BATCH HOUSE -3.850	DE040718A	-3.85	CINER GLASS BELGIUM
DCU7501-M1	7501	BATCH HOUSE -3.850	DE040718A	-3.85	CINER GLASS BELGIUM
DCU7501-Q1	7501	BATCH HOUSE -3.850	DE040718A	-3.85	CINER GLASS BELGIUM
DCU7502-CU1	7502	BATCH HOUSE -3.850	DE040718A	-3.85	CINER GLASS BELGIUM
DCU7502-M1	7502	BATCH HOUSE -3.850	DE040718A	-3.85	CINER GLASS BELGIUM
DCU7502-Q1	7502	BATCH HOUSE -3.850	DE040718A	-3.85	CINER GLASS BELGIUM
DCU7503-M1	7503	BATCH HOUSE +0.000
DCU7504-CU1	7504	BATCH HOUSE +0.000
DCU7504-M1	7504	BATCH HOUSE +0.000
DCU7504-OT	7504	BATCH HOUSE +0.000
DCU7511-CU1	7511	BATCH HOUSE +32.460...+42.125	DE040725A	+32.460...+42.125	CINER GLASS BELGIUM
DCU7511-M1	7511	BATCH HOUSE +32.460...+42.125	DE040725A	+32.460...+42.125	CINER GLASS BELGIUM
DCU7511-XV1	7511	BATCH HOUSE +32.460...+42.125	DE040725A	+32.460...+42.125	CINER GLASS BELGIUM
DCU7512-CU1	7512	BATCH HOUSE +32.460...+42.125	DE040725A	+32.460...+42.125	CINER GLASS BELGIUM
DCU7512-M1	7512	BATCH HOUSE +32.460...+42.125	DE040725A	+32.460...+42.125	CINER GLASS BELGIUM
DCU7512-XV1	7512	BATCH HOUSE +32.460...+42.125	DE040725A	+32.460...+42.125	CINER GLASS BELGIUM
DCU7512-ZS1	7512	BATCH HOUSE +32.460...+42.125	DE040725A	+32.460...+42.125	CINER GLASS BELGIUM
DCU7513-CU1	7513	BATCH HOUSE +32.460...+42.125	DE040725A	+32.460...+42.125	CINER GLASS BELGIUM
DCU7513-M1	7513	BATCH HOUSE +32.460...+42.125	DE040725A	+32.460...+42.125	CINER GLASS BELGIUM
DCU7513-XV1	7513	BATCH HOUSE +32.460...+42.125	DE040725A	+32.460...+42.125	CINER GLASS BELGIUM
DCU7515-CU1	7515	BATCH HOUSE +32.460...+42.125	DE040725A	+32.460...+42.125	CINER GLASS BELGIUM
DCU7515-M1	7515	BATCH HOUSE +32.460...+42.125	DE040725A	+32.460...+42.125	CINER GLASS BELGIUM
DCU7515-XV1	7515	BATCH HOUSE +32.460...+42.125	DE040725A	+32.460...+42.125	CINER GLASS BELGIUM
DCU7515-ZS1	7515	BATCH HOUSE +32.460...+42.125	DE040725A	+32.460...+42.125	CINER GLASS BELGIUM
DCU7516-CU1	7516	BATCH HOUSE +32.460...+42.125	DE040725A	+32.460...+42.125	CINER GLASS BELGIUM
DCU7516-M1	7516	BATCH HOUSE +32.460...+42.125	DE040725A	+32.460...+42.125	CINER GLASS BELGIUM
DCU7516-XV1	7516	BATCH HOUSE +32.460...+42.125	DE040725A	+32.460...+42.125	CINER GLASS BELGIUM
DCU7516-ZS1	7516	BATCH HOUSE +32.460...+42.125	DE040725A	+32.460...+42.125	CINER GLASS BELGIUM
DCU7522-CU1	7522	BATCH HOUSE +32.460...+42.125	DE040725A	+32.460...+42.125	CINER GLASS BELGIUM
DCU7522-M1	7522	BATCH HOUSE +32.460...+42.125	DE040725A	+32.460...+42.125	CINER GLASS BELGIUM
DCU7522-XV1	7522	BATCH HOUSE +32.460...+42.125	DE040725A	+32.460...+42.125	CINER GLASS BELGIUM
DCU7522-ZS1	7522	BATCH HOUSE +32.460...+42.125	DE040725A	+32.460...+42.125	CINER GLASS BELGIUM
DCU7526-CU1	7526	BATCH HOUSE +32.460...+42.125	DE040725A	+32.460...+42.125	CINER GLASS BELGIUM
DCU7526-M1	7526	BATCH HOUSE +32.460...+42.125	DE040725A	+32.460...+42.125	CINER GLASS BELGIUM
DCU7526-XV1	7526	BATCH HOUSE +32.460...+42.125	DE040725A	+32.460...+42.125	CINER GLASS BELGIUM
DCU7526-ZS1	7526	BATCH HOUSE +32.460...+42.125	DE040725A	+32.460...+42.125	CINER GLASS BELGIUM
DCU7527-CU1	7527	BATCH HOUSE +8.190...+9.965	DE040721A	+8.190...+9.965	CINER GLASS BELGIUM
DCU7527-M1	7527	BATCH HOUSE +8.190...+9.965	DE040721A	+8.190...+9.965	CINER GLASS BELGIUM
DCU7528A-G	7528	CULLET TOWER +22.700	DE040730A	22.7	CNUD
DCU7529A-EU1	7529	CULLET TOWER +22.700	DE040730A	22.7	CNUD
DCU7529A-M1	7529	CULLET TOWER +22.700	DE040730A	22.7	CNUD
DCU7530A-EU1	7530	CULLET TOWER +22.700	DE040730A	22.7	CNUD
DCU7530A-M1	7530	CULLET TOWER +22.700	DE040730A	22.7	CNUD
DCU7531A-EU1	7531	CULLET TOWER +22.700	DE040730A	22.7	CNUD
DCU7531A-M1	7531	CULLET TOWER +22.700	DE040730A	22.7	CNUD
DCU7532A-CU1	7532	BATCH HOUSE +8.190...+9.965	DE040721A	+8.190...+9.965	CINER GLASS BELGIUM
DCU7532A-D1	7532	BATCH HOUSE +8.190...+9.965	DE040721A	+8.190...+9.965	CINER GLASS BELGIUM
DCU7532A-M1	7532	BATCH HOUSE +8.190...+9.965	DE040721A	+8.190...+9.965	CINER GLASS BELGIUM
DCU7532B-CU1	7532	BATCH HOUSE +8.190...+9.965	DE040721A	+8.190...+9.965	CINER GLASS BELGIUM
DCU7532B-D1	7532	BATCH HOUSE +8.190...+9.965	DE040721A	+8.190...+9.965	CINER GLASS BELGIUM
DCU7532B-M1	7532	BATCH HOUSE +8.190...+9.965	DE040721A	+8.190...+9.965	CINER GLASS BELGIUM
DCU7541A-CUT	7541	BATCH TRANSPORT START +0.000	DE040732A	0	CINER GLASS BELGIUM
DCU7541A-M1	7541	BATCH TRANSPORT START +0.000	DE040732A	0	CINER GLASS BELGIUM
DCU7541A-Q1	7541	BATCH TRANSPORT START +0.000	DE040732A	0	CINER GLASS BELGIUM
DCU7544A-CUT	7544	BATCH TRANSPORT START +0.000	DE040732A	0	CINER GLASS BELGIUM
DCU7544A-M1	7544	BATCH TRANSPORT START +0.000	DE040732A	0	CINER GLASS BELGIUM
DCU7544A-Q1	7544	BATCH TRANSPORT START +0.000	DE040732A	0	CINER GLASS BELGIUM
DCU7551A-CU1	7551	BATCH TRANSPORT END +18.374	DE040733A	18.374	CINER GLASS BELGIUM
DCU7551A-M1	7551	BATCH TRANSPORT END +18.374	DE040733A	18.374	CINER GLASS BELGIUM
DCU7552A-CU1	7552	BATCH TRANSPORT END +18.374	DE040733A	18.374	CINER GLASS BELGIUM
DCU7552A-M1	7552	BATCH TRANSPORT END +18.374	DE040733A	18.374	CINER GLASS BELGIUM
DCU7553A-CU1	7553	BATCH TRANSPORT END +13.680	DE040733A	13.68	CINER GLASS BELGIUM
DCU7553A-M1	7553	BATCH TRANSPORT END +13.680	DE040733A	13.68	CINER GLASS BELGIUM
DCU7554A-CU1	7554	BATCH TRANSPORT END +13.680	DE040733A	13.68	CINER GLASS BELGIUM
DCU7554A-M1	7554	BATCH TRANSPORT END +13.680	DE040733A	13.68	CINER GLASS BELGIUM
DCU7555A-CU1	7555	BATCH TRANSPORT END +21.341	DE040733A	21.341	CINER GLASS BELGIUM
DCU7555A-M1	7555	BATCH TRANSPORT END +21.341	DE040733A	21.341	CINER GLASS BELGIUM
DCU7556A-CU1	7556	BATCH TRANSPORT END +21.341	DE040733A	21.341	CINER GLASS BELGIUM
DCU7556A-M1	7556	BATCH TRANSPORT END +21.341	DE040733A	21.341	CINER GLASS BELGIUM
DCU7557A-CU1	7557	BATCH TRANSPORT END +21.341	DE040733A	21.341	CINER GLASS BELGIUM
DCU7557A-M1	7557	BATCH TRANSPORT END +21.341	DE040733A	21.341	CINER GLASS BELGIUM
DCU7558A-CU1	7558	BATCH TRANSPORT END +21.341	DE040733A	21.341	CINER GLASS BELGIUM
DCU7558A-M1	7558	BATCH TRANSPORT END +21.341	DE040733A	21.341	CINER GLASS BELGIUM
DCU7561-CB1	7561	BATCH HOUSE +17.460	DE040723A	17.46	CINER GLASS BELGIUM
DCU7561-CU1	7561	BATCH HOUSE +17.460	DE040723A	17.46	CINER GLASS BELGIUM
DCU7561-D1	7561	BATCH HOUSE +17.460	DE040723A	17.46	CINER GLASS BELGIUM
DCU7561-M1	7561	BATCH HOUSE +17.460	DE040723A	17.46	CINER GLASS BELGIUM
DCU7562-CB1	7562	BATCH HOUSE +17.460	DE040723A	17.46	CINER GLASS BELGIUM
DCU7562-CU1	7562	BATCH HOUSE +17.460	DE040723A	17.46	CINER GLASS BELGIUM
DCU7562-D1	7562	BATCH HOUSE +17.460	DE040723A	17.46	CINER GLASS BELGIUM
DCU7562-M1	7562	BATCH HOUSE +17.460	DE040723A	17.46	CINER GLASS BELGIUM
DCU7563-CB1	7563	BATCH HOUSE +17.460	DE040723A	17.46	CINER GLASS BELGIUM
DCU7563-CU1	7563	BATCH HOUSE +17.460	DE040723A	17.46	CINER GLASS BELGIUM
DCU7563-M1	7563	BATCH HOUSE +17.460	DE040723A	17.46	CINER GLASS BELGIUM
DCU7564-CB1	7564	BATCH HOUSE +17.460	DE040723A	17.46	CINER GLASS BELGIUM
DCU7564-CU1	7564	BATCH HOUSE +17.460	DE040723A	17.46	CINER GLASS BELGIUM
DCU7564-D1	7564	BATCH HOUSE +17.460	DE040723A	17.46	CINER GLASS BELGIUM
DCU7564-M1	7564	BATCH HOUSE +17.460	DE040723A	17.46	CINER GLASS BELGIUM
DCU7565-D1	7565	BATCH HOUSE +17.460	DE040723A	17.46	CINER GLASS BELGIUM
DCU7568A-CU1	7568	CULLET TOWER +0.000	DE040728A	0	CINER GLASS BELGIUM
DCU7568A-D1	7568	CULLET TOWER +0.000	DE040728A	0	CINER GLASS BELGIUM
DCU7568A-M1	7568	CULLET TOWER +0.000	DE040728A	0	CINER GLASS BELGIUM
DCU7571A-CU1	7571	CULLET TOWER +0.000	DE040728A	0	CINER GLASS BELGIUM
DCU7571A-D1	7571	CULLET TOWER +0.000	DE040728A	0	CINER GLASS BELGIUM
DCU7571A-EU1	7571	CULLET TOWER +4.720	DE040729A	4.72	CINER GLASS BELGIUM
DCU7571A-M1	7571	CULLET TOWER +0.000	DE040728A	0	CINER GLASS BELGIUM
DCU7571A-M1	7571	CULLET TOWER +4.720	DE040729A	4.72	CINER GLASS BELGIUM
DCU7572A-D1	7572	CULLET TOWER +4.720	DE040729A	4.72	CINER GLASS BELGIUM
DCU7572A-G1	7572	CULLET TOWER +4.720	DE040729A	4.72	CINER GLASS BELGIUM
DCU7573A-D1	7573	CULLET TOWER +4.720	DE040729A	4.72	CINER GLASS BELGIUM
DCU7573A-G1	7573	CULLET TOWER +4.720	DE040729A	4.72	CINER GLASS BELGIUM
DCU7574A-EU1	7574	CULLET TOWER +4.720	DE040729A	4.72	CINER GLASS BELGIUM
DCU7574A-M1	7574	CULLET TOWER +4.720	DE040729A	4.72	CINER GLASS BELGIUM
DCU7575A-EU1	7575	CULLET TOWER +4.720	DE040729A	4.72	CINER GLASS BELGIUM
DCU7575A-M1	7575	CULLET TOWER +4.720	DE040729A	4.72	CINER GLASS BELGIUM
DCU7576A-EU1	7576	CULLET TOWER +4.720	DE040729A	4.72	CINER GLASS BELGIUM
DCU7576A-M1	7576	CULLET TOWER +4.720	DE040729A	4.72	CINER GLASS BELGIUM
DCU7577A-EU1	7577	CULLET TOWER +4.720	DE040729A	4.72	CINER GLASS BELGIUM
DCU7577A-M1	7577	CULLET TOWER +4.720	DE040729A	4.72	CINER GLASS BELGIUM
DCU7578A-EU1	7578	CULLET TOWER +4.720	DE040729A	4.72	CINER GLASS BELGIUM
DCU7578A-M1	7578	CULLET TOWER +4.720	DE040729A	4.72	CINER GLASS BELGIUM
DCU7579A-EU1	7579	CULLET TOWER +4.720	DE040729A	4.72	CINER GLASS BELGIUM
DCU7579A-M1	7579	CULLET TOWER +4.720	DE040729A	4.72	CINER GLASS BELGIUM
DCU7580A-D1	7580	CULLET TOWER +4.720	DE040729A	4.72	CINER GLASS BELGIUM
DCU7580A-G1	7580	CULLET TOWER +4.720	DE040729A	4.72	CINER GLASS BELGIUM
DCU7581A-CU1	7581	BATCH TRANSPORT END +21.341	DE040733A	21.341	CINER GLASS BELGIUM
DCU7581A-EU1	7581	CULLET TOWER +4.720	DE040729A	4.72	CINER GLASS BELGIUM
DCU7581A-M1	7581	CULLET TOWER +4.720	DE040729A	4.72	CINER GLASS BELGIUM
DCU7581A-M1	7581	BATCH TRANSPORT END +21.341	DE040733A	21.341	CINER GLASS BELGIUM
DCU7582A-CU1	7582	BATCH TRANSPORT END +21.341	DE040733A	21.341	CINER GLASS BELGIUM
DCU7582A-M1	7582	BATCH TRANSPORT END +21.341	DE040733A	21.341	CINER GLASS BELGIUM
DCU7583A-CU1	7583	BATCH TRANSPORT END +21.341	DE040733A	21.341	CINER GLASS BELGIUM
DCU7583A-M1	7583	BATCH TRANSPORT END +21.341	DE040733A	21.341	CINER GLASS BELGIUM
DCU7584A-CU1	7584	BATCH TRANSPORT END +21.341	DE040733A	21.341	CINER GLASS BELGIUM
DCU7584A-M1	7584	BATCH TRANSPORT END +21.341	DE040733A	21.341	CINER GLASS BELGIUM
DE03823A-XV1	382	BATCH HOUSE +5.135	DE040720A	5.135	CINER GLASS BELGIUM
DE03823A-XV2	382	BATCH HOUSE +5.135	DE040720A	5.135	CINER GLASS BELGIUM
DE03823B-XV1	382	BATCH HOUSE +5.135	DE040720A	5.135	CINER GLASS BELGIUM
DE03823B-XV2	382	BATCH HOUSE +5.135	DE040720A	5.135	CINER GLASS BELGIUM
DE04328-XV1	432	BATCH HOUSE +5.135	DE040720A	5.135	CINER GLASS BELGIUM
DE04328-XV2	432	BATCH HOUSE +5.135	DE040720A	5.135	CINER GLASS BELGIUM
DE04348-XV1	434	BATCH HOUSE +5.135	DE040720A	5.135	CINER GLASS BELGIUM
DE04348-XV2	434	BATCH HOUSE +5.135	DE040720A	5.135	CINER GLASS BELGIUM
DE04367-XV1	436	BATCH HOUSE +5.135	DE040720A	5.135	CINER GLASS BELGIUM
DE04367-XV2	436	BATCH HOUSE +5.135	DE040720A	5.135	CINER GLASS BELGIUM
DG1135-XV1	1135	BATCH HOUSE +32.460...+42.125	DE040725A	+32.460...+42.125	CINER GLASS BELGIUM
DG1135-XV2	1135	BATCH HOUSE +32.460...+42.125	DE040725A	+32.460...+42.125	CINER GLASS BELGIUM
DG1135-ZS1	1135	BATCH HOUSE +32.460...+42.125	DE040725A	+32.460...+42.125	CINER GLASS BELGIUM
DG1135-ZS2	1135	BATCH HOUSE +32.460...+42.125	DE040725A	+32.460...+42.125	CINER GLASS BELGIUM
DG1731A-XV1	1731	CULLET TOWER +22.700	DE040730A	22.7	CNUD
DG1731A-XV2	1731	CULLET TOWER +22.700	DE040730A	22.7	CNUD
DG1731A-ZS1	1731	CULLET TOWER +22.700	DE040730A	22.7	CNUD
DG1731A-ZS2	1731	CULLET TOWER +22.700	DE040730A	22.7	CNUD
DG1745A-XV1	1745	CULLET TOWER +0.000	DE040728A	0	CINER GLASS BELGIUM
DG1745A-XV2	1745	CULLET TOWER +0.000	DE040728A	0	CINER GLASS BELGIUM
DG1745A-ZS1	1745	CULLET TOWER +0.000	DE040728A	0	CINER GLASS BELGIUM
DG1745A-ZS2	1745	CULLET TOWER +0.000	DE040728A	0	CINER GLASS BELGIUM
DG1765A-XV1	1765	CULLET TOWER +26.300 / +29.000	DE040731A	0.906896552	CINER GLASS BELGIUM
DG1765A-XV2	1765	CULLET TOWER +26.300 / +29.000	DE040731A	0.906896552	CINER GLASS BELGIUM
DG1765A-ZS1	1765	CULLET TOWER +26.300 / +29.000	DE040731A	0.906896552	CINER GLASS BELGIUM
DG1765A-ZS2	1765	CULLET TOWER +26.300 / +29.000	DE040731A	0.906896552	CINER GLASS BELGIUM
DG1765A-ZS3	1765	CULLET TOWER +26.300 / +29.000	DE040731A	0.906896552	CINER GLASS BELGIUM
DG1796A-XV1	1796	CULLET TOWER +26.300 / +29.000	DE040731A	0.906896552	CINER GLASS BELGIUM
DG1796A-XV2	1796	CULLET TOWER +26.300 / +29.000	DE040731A	0.906896552	CINER GLASS BELGIUM
DG1796A-ZS1	1796	CULLET TOWER +26.300 / +29.000	DE040731A	0.906896552	CINER GLASS BELGIUM
DG1796A-ZS2	1796	CULLET TOWER +26.300 / +29.000	DE040731A	0.906896552	CINER GLASS BELGIUM
DG1796A-ZS3	1796	CULLET TOWER +26.300 / +29.000	DE040731A	0.906896552	CINER GLASS BELGIUM
DG1835A-XV1	1835	CULLET TOWER +26.300 / +29.000	DE040731A	0.906896552	CINER GLASS BELGIUM
DG1835A-XV2	1835	CULLET TOWER +26.300 / +29.000	DE040731A	0.906896552	CINER GLASS BELGIUM
DG1835A-ZS1	1835	CULLET TOWER +26.300 / +29.000	DE040731A	0.906896552	CINER GLASS BELGIUM
DG1835A-ZS2	1835	CULLET TOWER +26.300 / +29.000	DE040731A	0.906896552	CINER GLASS BELGIUM
DG1835A-ZS3	1835	CULLET TOWER +26.300 / +29.000	DE040731A	0.906896552	CINER GLASS BELGIUM
DG1841A-XV1	1841	CULLET TOWER +26.300	DE040730A	26.3	CNUD
DG1841A-XV2	1841	CULLET TOWER +26.300	DE040730A	26.3	CNUD
DG1841A-ZS1	1841	CULLET TOWER +26.300	DE040730A	26.3	CNUD
DG1841A-ZS2	1841	CULLET TOWER +26.300	DE040730A	26.3	CNUD
DG1873A-XV1	1873	CULLET TOWER +26.300 / +29.000	DE040731A	0.906896552	CINER GLASS BELGIUM
DG1873A-XV2	1873	CULLET TOWER +26.300 / +29.000	DE040731A	0.906896552	CINER GLASS BELGIUM
DG1873A-ZS1	1873	CULLET TOWER +26.300 / +29.000	DE040731A	0.906896552	CINER GLASS BELGIUM
DG1873A-ZS2	1873	CULLET TOWER +26.300 / +29.000	DE040731A	0.906896552	CINER GLASS BELGIUM
DG1873A-ZS3	1873	CULLET TOWER +26.300 / +29.000	DE040731A	0.906896552	CINER GLASS BELGIUM
DG1881A-XV1	1881	CULLET TOWER +26.300	DE040730A	26.3	CNUD
DG1881A-XV2	1881	CULLET TOWER +26.300	DE040730A	26.3	CNUD
DG1881A-ZS1	1881	CULLET TOWER +26.300	DE040730A	26.3	CNUD
DG1881A-ZS2	1881	CULLET TOWER +26.300	DE040730A	26.3	CNUD
DG4364-JB1	4364	BATCH HOUSE +8.190...+9.965	DE040721A	+8.190...+9.965	CINER GLASS BELGIUM
DG4364-XV1	4364	BATCH HOUSE +8.190...+9.965	DE040721A	+8.190...+9.965	CINER GLASS BELGIUM
DG4364-XV2	4364	BATCH HOUSE +8.190...+9.965	DE040721A	+8.190...+9.965	CINER GLASS BELGIUM
DG4364-ZS1	4364	BATCH HOUSE +8.190...+9.965	DE040721A	+8.190...+9.965	CINER GLASS BELGIUM
DG4364-ZS2	4364	BATCH HOUSE +8.190...+9.965	DE040721A	+8.190...+9.965	CINER GLASS BELGIUM
DG4365-JB1	4365	BATCH HOUSE +8.190...+9.965	DE040721A	+8.190...+9.965	CINER GLASS BELGIUM
DG4365-XV1	4365	BATCH HOUSE +8.190...+9.965	DE040721A	+8.190...+9.965	CINER GLASS BELGIUM
DG4365-XV2	4365	BATCH HOUSE +8.190...+9.965	DE040721A	+8.190...+9.965	CINER GLASS BELGIUM
DG4365-ZS1	4365	BATCH HOUSE +8.190...+9.965	DE040721A	+8.190...+9.965	CINER GLASS BELGIUM
DG4365-ZS2	4365	BATCH HOUSE +8.190...+9.965	DE040721A	+8.190...+9.965	CINER GLASS BELGIUM
DG4374-JB1	4374	BATCH HOUSE +8.190...+9.965	DE040721A	+8.190...+9.965	CINER GLASS BELGIUM
DG4374-XV1	4374	BATCH HOUSE +8.190...+9.965	DE040721A	+8.190...+9.965	CINER GLASS BELGIUM
DG4374-XV2	4374	BATCH HOUSE +8.190...+9.965	DE040721A	+8.190...+9.965	CINER GLASS BELGIUM
DG4374-ZS1	4374	BATCH HOUSE +8.190...+9.965	DE040721A	+8.190...+9.965	CINER GLASS BELGIUM
DG4374-ZS2	4374	BATCH HOUSE +8.190...+9.965	DE040721A	+8.190...+9.965	CINER GLASS BELGIUM
DG4375-JB1	4375	BATCH HOUSE +8.190...+9.965	DE040721A	+8.190...+9.965	CINER GLASS BELGIUM
DG4375-XV1	4375	BATCH HOUSE +8.190...+9.965	DE040721A	+8.190...+9.965	CINER GLASS BELGIUM
DG4375-XV2	4375	BATCH HOUSE +8.190...+9.965	DE040721A	+8.190...+9.965	CINER GLASS BELGIUM
DG4375-ZS1	4375	BATCH HOUSE +8.190...+9.965	DE040721A	+8.190...+9.965	CINER GLASS BELGIUM
DG4375-ZS2	4375	BATCH HOUSE +8.190...+9.965	DE040721A	+8.190...+9.965	CINER GLASS BELGIUM
DG4384-JB1	4384	BATCH HOUSE +8.190...+9.965	DE040721A	+8.190...+9.965	CINER GLASS BELGIUM
DG4384-XV1	4384	BATCH HOUSE +8.190...+9.965	DE040721A	+8.190...+9.965	CINER GLASS BELGIUM
DG4384-XV2	4384	BATCH HOUSE +8.190...+9.965	DE040721A	+8.190...+9.965	CINER GLASS BELGIUM
DG4384-ZS1	4384	BATCH HOUSE +8.190...+9.965	DE040721A	+8.190...+9.965	CINER GLASS BELGIUM
DG4384-ZS2	4384	BATCH HOUSE +8.190...+9.965	DE040721A	+8.190...+9.965	CINER GLASS BELGIUM
DG4385-JB1	4385	BATCH HOUSE +8.190...+9.965	DE040721A	+8.190...+9.965	CINER GLASS BELGIUM
DG4385-XV1	4385	BATCH HOUSE +8.190...+9.965	DE040721A	+8.190...+9.965	CINER GLASS BELGIUM
DG4385-XV2	4385	BATCH HOUSE +8.190...+9.965	DE040721A	+8.190...+9.965	CINER GLASS BELGIUM
DG4385-ZS1	4385	BATCH HOUSE +8.190...+9.965	DE040721A	+8.190...+9.965	CINER GLASS BELGIUM
DG4385-ZS2	4385	BATCH HOUSE +8.190...+9.965	DE040721A	+8.190...+9.965	CINER GLASS BELGIUM
DG4474A-XV1	4474	CULLET TOWER +18.800	DE040729A	18.8	CINER GLASS BELGIUM
DG4474A-XV2	4474	CULLET TOWER +18.800	DE040729A	18.8	CINER GLASS BELGIUM
DG4474A-ZS1	4474	CULLET TOWER +18.800	DE040729A	18.8	CINER GLASS BELGIUM
DG4474A-ZS2	4474	CULLET TOWER +18.800	DE040729A	18.8	CINER GLASS BELGIUM
DG4481A-XV1	4481	CULLET TOWER +18.800	DE040729A	18.8	CINER GLASS BELGIUM
DG4481A-XV2	4481	CULLET TOWER +18.800	DE040729A	18.8	CINER GLASS BELGIUM
DG4481A-ZS1	4481	CULLET TOWER +18.800	DE040729A	18.8	CINER GLASS BELGIUM
DG4481A-ZS2	4481	CULLET TOWER +18.800	DE040729A	18.8	CINER GLASS BELGIUM
DG6273A-XV1	6273	BATCH TRANSPORT END +21.341	DE040733A	21.341	CINER GLASS BELGIUM
DG6273A-XV2	6273	BATCH TRANSPORT END +21.341	DE040733A	21.341	CINER GLASS BELGIUM
DG6273A-ZS1	6273	BATCH TRANSPORT END +21.341	DE040733A	21.341	CINER GLASS BELGIUM
DG6273A-ZS2	6273	BATCH TRANSPORT END +21.341	DE040733A	21.341	CINER GLASS BELGIUM
DG8847A-XV1	8847	CULLET TOWER +0.000	DE040728A	0	CINER GLASS BELGIUM
DG8847A-XV2	8847	CULLET TOWER +0.000	DE040728A	0	CINER GLASS BELGIUM
DG8847A-ZS1	8847	CULLET TOWER +0.000	DE040728A	0	CINER GLASS BELGIUM
DG8847A-ZS2	8847	CULLET TOWER +0.000	DE040728A	0	CINER GLASS BELGIUM
DG9311A-XV1	9311	CULLET TOWER +26.300	DE040730A	26.3	CNUD
DG9311A-XV2	9311	CULLET TOWER +26.300	DE040730A	26.3	CNUD
DG9311A-ZS1	9311	CULLET TOWER +26.300	DE040730A	26.3	CNUD
DG9311A-ZS2	9311	CULLET TOWER +26.300	DE040730A	26.3	CNUD
DPSS4472A-D1	DPSS4472A	CULLET TOWER +18.800	DE040729A	18.8	CINER GLASS BELGIUM
DPSS4472A-M1	DPSS4472A	CULLET TOWER +18.800	DE040729A	18.8	CINER GLASS BELGIUM
E825	E825	CULLET TOWER +22.700	DE040730A	22.7	CNUD
E826	E826	CULLET TOWER +26.300	DE040730A	26.3	CNUD
EB1	EB1	BATCH HOUSE -3.850	DE040718A	-3.85	CINER GLASS BELGIUM
EB14	EB14	BATCH TRANSPORT START +20.730 / +18.370	DE040732A	1.128470332	CINER GLASS BELGIUM
EB15	EB15	BATCH TRANSPORT END +21.341	DE040733A	21.341	CINER GLASS BELGIUM
EB16	EB16	BATCH TRANSPORT END +21.341	DE040733A	21.341	CINER GLASS BELGIUM
EB17	EB17	BATCH TRANSPORT END +21.341	DE040733A	21.341	CINER GLASS BELGIUM
EB18	EB18	BATCH TRANSPORT END +21.341	DE040733A	21.341	CINER GLASS BELGIUM
EB19	EB19	BATCH HOUSE +22.760	DE040724A	22.76	CINER GLASS BELGIUM
EB24	EB24	CULLET TOWER +18.800	DE040729A	18.8	CINER GLASS BELGIUM
EB27	EB27	CULLET TOWER +32.380	DE040731A	32.38	CINER GLASS BELGIUM
EB30	EB30	CULLET TOWER -5.000	DE040727A	-5	CINER GLASS BELGIUM
EB35	EB35	CULLET TOWER -5.000	DE040727A	-5	CINER GLASS BELGIUM
FFS1991-DP1	1991	BATCH HOUSE +22.760	DE040724A	22.76	CINER GLASS BELGIUM
FFS1991-JB1	1991	BATCH HOUSE +22.760	DE040724A	22.76	CINER GLASS BELGIUM
FFS1991-WE1	1991	BATCH HOUSE +22.760	DE040724A	22.76	CINER GLASS BELGIUM
H054121A-XV1	H054121A	BATCH HOUSE +10.435
H054211A-JB1	H054211A	BATCH HOUSE +10.435
H054321A-WE1	H054321A	BATCH HOUSE +10.435
H054321A-WE2	H054321A	BATCH HOUSE +10.435
H054321A-WE3	H054321A	BATCH HOUSE +10.435
H06111-LS1-R1	6111	BATCH HOUSE +0.000
H06111-LS1-T1	6111	BATCH HOUSE +0.000
HDS4451A-JB1	4451	CULLET TOWER +22.700	DE040730A	22.7	CNUD
HDS4451A-WE1	4451	CULLET TOWER +22.700	DE040730A	22.7	CNUD
HDS4451A-WE2	4451	CULLET TOWER +22.700	DE040730A	22.7	CNUD
HDS4451A-WE3	4451	CULLET TOWER +22.700	DE040730A	22.7	CNUD
HDS4461A-JB1	4461	CULLET TOWER +22.700	DE040730A	22.7	CNUD
HDS4461A-WE1	4461	CULLET TOWER +22.700	DE040730A	22.7	CNUD
HM1531-ZS1	1531	BATCH HOUSE +8.190...+9.965	DE040721A	+8.190...+9.965	CINER GLASS BELGIUM
HM1531-ZS2	1531	BATCH HOUSE +8.190...+9.965	DE040721A	+8.190...+9.965	CINER GLASS BELGIUM
HM1531-ZS3	1531	BATCH HOUSE +8.190...+9.965	DE040721A	+8.190...+9.965	CINER GLASS BELGIUM
HM1531-ZS4	1531	BATCH HOUSE +8.190...+9.965	DE040721A	+8.190...+9.965	CINER GLASS BELGIUM
HM1540-ZS1	1540	BATCH HOUSE +8.190...+9.965	DE040721A	+8.190...+9.965	CINER GLASS BELGIUM
HM1540-ZS2	1540	BATCH HOUSE +8.190...+9.965	DE040721A	+8.190...+9.965	CINER GLASS BELGIUM
HM1540-ZS3	1540	BATCH HOUSE +8.190...+9.965	DE040721A	+8.190...+9.965	CINER GLASS BELGIUM
HM1540-ZS4	1540	BATCH HOUSE +8.190...+9.965	DE040721A	+8.190...+9.965	CINER GLASS BELGIUM
HO1111-M1	1111	BATCH HOUSE -3.850	DE040718A	-3.85	CINER GLASS BELGIUM
HO1111-M2	1111	BATCH HOUSE -3.850	DE040718A	-3.85	CINER GLASS BELGIUM
HO1111-Q1	1111	BATCH HOUSE -3.850	DE040718A	-3.85	CINER GLASS BELGIUM
HO1211-M1	1211	BATCH HOUSE -3.850	DE040718A	-3.85	CINER GLASS BELGIUM
HO1211-M2	1211	BATCH HOUSE -3.850	DE040718A	-3.85	CINER GLASS BELGIUM
HO1211-Q1	1211	BATCH HOUSE -3.850	DE040718A	-3.85	CINER GLASS BELGIUM
HO1311A-M1	1311	CULLET TOWER -5.000	DE040727A	-5	CINER GLASS BELGIUM
HO1311A-Q1	1311	CULLET TOWER -5.000	DE040727A	-5	CINER GLASS BELGIUM
HO1312A-M1	1312	CULLET TOWER -5.000	DE040727A	-5	CINER GLASS BELGIUM
HO1312A-Q1	1312	CULLET TOWER -5.000	DE040727A	-5	CINER GLASS BELGIUM
HO1313A-M1	1313	CULLET TOWER -5.000	DE040727A	-5	CINER GLASS BELGIUM
HO1313A-Q1	1313	CULLET TOWER -5.000	DE040727A	-5	CINER GLASS BELGIUM
HO1331A-M1	1331	CULLET TOWER -5.000	DE040727A	-5	CINER GLASS BELGIUM
HO1331A-Q1	1331	CULLET TOWER -5.000	DE040727A	-5	CINER GLASS BELGIUM
HO1332A-M1	1332	CULLET TOWER -5.000	DE040727A	-5	CINER GLASS BELGIUM
HO1332A-Q1	1332	CULLET TOWER -5.000	DE040727A	-5	CINER GLASS BELGIUM
HO1333A-M1	1333	CULLET TOWER -5.000	DE040727A	-5	CINER GLASS BELGIUM
HO1333A-Q1	1333	CULLET TOWER -5.000	DE040727A	-5	CINER GLASS BELGIUM
HO1711A-M1	1711	CULLET TOWER -5.000	DE040727A	-5	CINER GLASS BELGIUM
HO1711A-Q1	1711	CULLET TOWER -5.000	DE040727A	-5	CINER GLASS BELGIUM
HO1911-LSL1	1911	BATCH HOUSE +17.460	DE040723A	17.46	CINER GLASS BELGIUM
HO1921-LSL1	1921	BATCH HOUSE +17.460	DE040723A	17.46	CINER GLASS BELGIUM
HO1931-LSL1	1931	BATCH HOUSE +17.460	DE040723A	17.46	CINER GLASS BELGIUM
HO1941-LSL1	1941	BATCH HOUSE +17.460	DE040723A	17.46	CINER GLASS BELGIUM
M1955-D1	M1955	BATCH HOUSE +22.760	DE040724A	22.76	CINER GLASS BELGIUM
M1955-JB1	M1955	BATCH HOUSE +22.760	DE040724A	22.76	CINER GLASS BELGIUM
M1955-JB2	M1955	BATCH HOUSE +22.760	DE040724A	22.76	CINER GLASS BELGIUM
M1955-LCP1	M1955	BATCH HOUSE +22.760	DE040724A	22.76	CINER GLASS BELGIUM
M1955-M1	M1955	BATCH HOUSE +22.760	DE040724A	22.76	CINER GLASS BELGIUM
M1955-SLS1	M1955	BATCH HOUSE +22.760	DE040724A	22.76	CINER GLASS BELGIUM
M1955-SS1	M1955	BATCH HOUSE +22.760	DE040724A	22.76	CINER GLASS BELGIUM
M1955-WE1	M1955	BATCH HOUSE +22.760	DE040724A	22.76	CINER GLASS BELGIUM
M1955-WE2	M1955	BATCH HOUSE +22.760	DE040724A	22.76	CINER GLASS BELGIUM
M1955-WE3	M1955	BATCH HOUSE +22.760	DE040724A	22.76	CINER GLASS BELGIUM
M1955-XV1	M1955	BATCH HOUSE +22.760	DE040724A	22.76	CINER GLASS BELGIUM
M1955-XV2	M1955	BATCH HOUSE +22.760	DE040724A	22.76	CINER GLASS BELGIUM
M1955-ZS1	M1955	BATCH HOUSE +22.760	DE040724A	22.76	CINER GLASS BELGIUM
M1955-ZS2	M1955	BATCH HOUSE +22.760	DE040724A	22.76	CINER GLASS BELGIUM
MD4473A-M01	4473	CULLET TOWER +18.800	DE040729A	18.8	CINER GLASS BELGIUM
MEB1	MEB1	BATCH HOUSE +5.135	DE040720A	5.135	CINER GLASS BELGIUM
MI5111-XV3	5111	BATCH HOUSE +5.135	DE040720A	5.135	CINER GLASS BELGIUM
MI5211-XV3	5211	BATCH HOUSE +5.135	DE040720A	5.135	CINER GLASS BELGIUM
MI5311-XV3	5311	BATCH HOUSE +5.135	DE040720A	5.135	CINER GLASS BELGIUM
MMU6132-JB1	6132	BATCH TRANSPORT START +0.000	DE040732A	0	CINER GLASS BELGIUM
MMU6132-MP1	6132	BATCH TRANSPORT START +0.000	DE040732A	0	CINER GLASS BELGIUM
MMU6232-JB1	6232	BATCH TRANSPORT START +0.000	DE040732A	0	CINER GLASS BELGIUM
MMU6232-MP1	6232	BATCH TRANSPORT START +0.000	DE040732A	0	CINER GLASS BELGIUM
MS04326-XV1	432	BATCH HOUSE +5.135	DE040720A	5.135	CINER GLASS BELGIUM
MS04326-ZS1	432	BATCH HOUSE +5.135	DE040720A	5.135	CINER GLASS BELGIUM
MS04327-XV1	432	BATCH HOUSE +5.135	DE040720A	5.135	CINER GLASS BELGIUM
MS04327-ZS1	432	BATCH HOUSE +5.135	DE040720A	5.135	CINER GLASS BELGIUM
MS04328-ZS1	432	BATCH HOUSE +5.135	DE040720A	5.135	CINER GLASS BELGIUM
MS04346-XV1	434	BATCH HOUSE +5.135	DE040720A	5.135	CINER GLASS BELGIUM
MS04346-ZS1	434	BATCH HOUSE +5.135	DE040720A	5.135	CINER GLASS BELGIUM
MS04347-XV1	434	BATCH HOUSE +5.135	DE040720A	5.135	CINER GLASS BELGIUM
MS04348-ZS1	434	BATCH HOUSE +5.135	DE040720A	5.135	CINER GLASS BELGIUM
MS04366-XV1	436	BATCH HOUSE +5.135	DE040720A	5.135	CINER GLASS BELGIUM
MS04366-ZS1	436	BATCH HOUSE +5.135	DE040720A	5.135	CINER GLASS BELGIUM
MS04367-XV1	436	BATCH HOUSE +5.135	DE040720A	5.135	CINER GLASS BELGIUM
MS04367-ZS1	436	BATCH HOUSE +5.135	DE040720A	5.135	CINER GLASS BELGIUM
MS04368-ZS1	436	BATCH HOUSE +5.135	DE040720A	5.135	CINER GLASS BELGIUM
MS04386-XV1	438	BATCH HOUSE +5.135	DE040720A	5.135	CINER GLASS BELGIUM
MS04386-ZS1	438	BATCH HOUSE +5.135	DE040720A	5.135	CINER GLASS BELGIUM
MS04387-XV1	438	BATCH HOUSE +5.135	DE040720A	5.135	CINER GLASS BELGIUM
MS04388-XV1	438	BATCH HOUSE +5.135	DE040720A	5.135	CINER GLASS BELGIUM
MS04388-ZS1	438	BATCH HOUSE +5.135	DE040720A	5.135	CINER GLASS BELGIUM
MS111-HS1	111	BATCH HOUSE +5.135	DE040720A	5.135	CINER GLASS BELGIUM
MS111-M1	111	BATCH HOUSE +5.135	DE040720A	5.135	CINER GLASS BELGIUM
MS111-M2	111	BATCH HOUSE +5.135	DE040720A	5.135	CINER GLASS BELGIUM
MS111-Q1	111	BATCH HOUSE +5.135	DE040720A	5.135	CINER GLASS BELGIUM
MS111-SLS1	111	BATCH HOUSE +5.135	DE040720A	5.135	CINER GLASS BELGIUM
MS111-TC1	111	BATCH HOUSE +5.135	DE040720A	5.135	CINER GLASS BELGIUM
MS111-ZS3	111	BATCH HOUSE +5.135	DE040720A	5.135	CINER GLASS BELGIUM
MS211-HS1	211	BATCH HOUSE +5.135	DE040720A	5.135	CINER GLASS BELGIUM
MS211-M1	211	BATCH HOUSE +5.135	DE040720A	5.135	CINER GLASS BELGIUM
MS211-P2	211	BATCH HOUSE +5.135	DE040720A	5.135	CINER GLASS BELGIUM
MS211-Q2	211	BATCH HOUSE +5.135	DE040720A	5.135	CINER GLASS BELGIUM
MS211-SLS1	211	BATCH HOUSE +5.135	DE040720A	5.135	CINER GLASS BELGIUM
MS211-TC1	211	BATCH HOUSE +5.135	DE040720A	5.135	CINER GLASS BELGIUM
MS211-XV1	211	BATCH HOUSE +5.135	DE040720A	5.135	CINER GLASS BELGIUM
MS211-XV2	211	BATCH HOUSE +5.135	DE040720A	5.135	CINER GLASS BELGIUM
MS211-ZS1	211	BATCH HOUSE +5.135	DE040720A	5.135	CINER GLASS BELGIUM
MS211-ZS2	211	BATCH HOUSE +5.135	DE040720A	5.135	CINER GLASS BELGIUM
MS211-ZS3	211	BATCH HOUSE +5.135	DE040720A	5.135	CINER GLASS BELGIUM
MS311-M1	311	BATCH HOUSE +5.135	DE040720A	5.135	CINER GLASS BELGIUM
MS311-Q2	311	BATCH HOUSE +5.135	DE040720A	5.135	CINER GLASS BELGIUM
MS311-SLS1	311	BATCH HOUSE +5.135	DE040720A	5.135	CINER GLASS BELGIUM
MS311-TC1	311	BATCH HOUSE +5.135	DE040720A	5.135	CINER GLASS BELGIUM
MS311-XV2	311	BATCH HOUSE +5.135	DE040720A	5.135	CINER GLASS BELGIUM
MS311-XV3	311	BATCH HOUSE +5.135	DE040720A	5.135	CINER GLASS BELGIUM
MS311-XV4	311	BATCH HOUSE +5.135	DE040720A	5.135	CINER GLASS BELGIUM
MS311-ZS3	311	BATCH HOUSE +5.135	DE040720A	5.135	CINER GLASS BELGIUM
MS311-ZS4	311	BATCH HOUSE +5.135	DE040720A	5.135	CINER GLASS BELGIUM
MS311-ZS5	311	BATCH HOUSE +5.135	DE040720A	5.135	CINER GLASS BELGIUM
MS311-ZS6	311	BATCH HOUSE +5.135	DE040720A	5.135	CINER GLASS BELGIUM
MS5122-XV3	5122	BATCH HOUSE +5.135	DE040720A	5.135	CINER GLASS BELGIUM
MS5222-XV3	5222	BATCH HOUSE +5.135	DE040720A	5.135	CINER GLASS BELGIUM
MS5322-XV3	5322	BATCH HOUSE +5.135	DE040720A	5.135	CINER GLASS BELGIUM
MW5121-B1	5121	BATCH HOUSE +5.135	DE040720A	5.135	CINER GLASS BELGIUM
MW5121-WE1	5121	BATCH HOUSE +5.135	DE040720A	5.135	CINER GLASS BELGIUM
MW5121-WE2	5121	BATCH HOUSE +5.135	DE040720A	5.135	CINER GLASS BELGIUM
MW5121-WE3	5121	BATCH HOUSE +5.135	DE040720A	5.135	CINER GLASS BELGIUM
MW5221-B1	5221	BATCH HOUSE +5.135	DE040720A	5.135	CINER GLASS BELGIUM
MW5221-WE1	5221	BATCH HOUSE +5.135	DE040720A	5.135	CINER GLASS BELGIUM
MW5221-WE2	5221	BATCH HOUSE +5.135	DE040720A	5.135	CINER GLASS BELGIUM
MW5221-WE3	5221	BATCH HOUSE +5.135	DE040720A	5.135	CINER GLASS BELGIUM
MW5321-B1	5321	BATCH HOUSE +5.135	DE040720A	5.135	CINER GLASS BELGIUM
MW5321-WE1	5321	BATCH HOUSE +5.135	DE040720A	5.135	CINER GLASS BELGIUM
MW5321-WE2	5321	BATCH HOUSE +5.135	DE040720A	5.135	CINER GLASS BELGIUM
MW5321-WE3	5321	BATCH HOUSE +5.135	DE040720A	5.135	CINER GLASS BELGIUM
OP55012A-U1	5501	BATCH HOUSE +8.190...+9.965	DE040721A	+8.190...+9.965	CINER GLASS BELGIUM
OP55012B-M1	5501	BATCH HOUSE +8.190...+9.965	DE040721A	+8.190...+9.965	CINER GLASS BELGIUM
PM4552-FM1	4552	BATCH HOUSE +5.135	DE040720A	5.135	CINER GLASS BELGIUM
PM4553-FM1	4553	BATCH HOUSE +5.135	DE040720A	5.135	CINER GLASS BELGIUM
PM4554-FM1	4554	BATCH HOUSE +5.135	DE040720A	5.135	CINER GLASS BELGIUM
PM5311-M2	5311	BATCH HOUSE +5.135	DE040720A	5.135	CINER GLASS BELGIUM
PTP1531-ZS1	1531	BATCH HOUSE +8.190...+9.965	DE040721A	+8.190...+9.965	CINER GLASS BELGIUM
PTP1531-ZS2	1531	BATCH HOUSE +8.190...+9.965	DE040721A	+8.190...+9.965	CINER GLASS BELGIUM
PTP1531-ZS3	1531	BATCH HOUSE +8.190...+9.965	DE040721A	+8.190...+9.965	CINER GLASS BELGIUM
PTP1531-ZS4	1531	BATCH HOUSE +8.190...+9.965	DE040721A	+8.190...+9.965	CINER GLASS BELGIUM
PTP1540-ZS1	1540	BATCH HOUSE +8.190...+9.965	DE040721A	+8.190...+9.965	CINER GLASS BELGIUM
PTP1540-ZS2	1540	BATCH HOUSE +8.190...+9.965	DE040721A	+8.190...+9.965	CINER GLASS BELGIUM
PTP1540-ZS3	1540	BATCH HOUSE +8.190...+9.965	DE040721A	+8.190...+9.965	CINER GLASS BELGIUM
PTP1540-ZS4	1540	BATCH HOUSE +8.190...+9.965	DE040721A	+8.190...+9.965	CINER GLASS BELGIUM
PTP1611-LCP1	1611	BATCH HOUSE +0.000
PTP1611-ZS1	1611	BATCH HOUSE +0.000
PTP1614-LCP1	1614	BATCH HOUSE +0.000
PTP1614-ZS1	1614	BATCH HOUSE +0.000
PTP1621-LCP1	1621	BATCH HOUSE +0.000
PTP1621-ZS1	1621	BATCH HOUSE +0.000
PTP1622-LCP1	1622	BATCH HOUSE +0.000
PTP1622-ZS1	1622	BATCH HOUSE +0.000
PTU7501-PS1	7501	BATCH HOUSE +0.000
PTU7501-PS2	7501	BATCH HOUSE +0.000
PTU7501-PS3	7501	BATCH HOUSE +0.000
PTU7501-SM1	7501	BATCH HOUSE +0.000
PTU7501-ZS1	7501	BATCH HOUSE +0.000
PTU7501-ZS2	7501	BATCH HOUSE +0.000
QMS1122-M1	1122	BATCH HOUSE -3.850	DE040718A	-3.85	CINER GLASS BELGIUM
QMS1122-Q1	1122	BATCH HOUSE -3.850	DE040718A	-3.85	CINER GLASS BELGIUM
QMS1222-M1	1222	BATCH HOUSE -3.850	DE040718A	-3.85	CINER GLASS BELGIUM
QMS1222-Q1	1222	BATCH HOUSE -3.850	DE040718A	-3.85	CINER GLASS BELGIUM
RF1981-D1	1981	BATCH HOUSE +17.460	DE040723A	17.46	CINER GLASS BELGIUM
RF1981-M1	1981	BATCH HOUSE +17.460	DE040723A	17.46	CINER GLASS BELGIUM
S1043-LS11	S1043	BATCH HOUSE +22.760	DE040724A	22.76	CINER GLASS BELGIUM
S3031-L11	S3031	BATCH HOUSE +32.460...+42.125	DE040725A	+32.460...+42.125	CINER GLASS BELGIUM
S3031-ZS1	S3031	BATCH HOUSE +32.460...+42.125	DE040725A	+32.460...+42.125	CINER GLASS BELGIUM
S3091A-LT1	S3091A	CULLET TOWER +22.700	DE040730A	22.7	CNUD
S3092A-LT1	S3092A	CULLET TOWER +22.700	DE040730A	22.7	CNUD
S3093A-LT1	S3093A	CULLET TOWER +22.700	DE040730A	22.7	CNUD
S6331A-B1	S6331A	BATCH TRANSPORT END +18.374	DE040733A	18.374	CINER GLASS BELGIUM
S6331A-LSH1	S6331A	BATCH TRANSPORT END +18.374	DE040733A	18.374	CINER GLASS BELGIUM
S6331A-M1	S6331A	BATCH TRANSPORT END +18.374	DE040733A	18.374	CINER GLASS BELGIUM
S6331A-M2	S6331A	BATCH TRANSPORT END +18.374	DE040733A	18.374	CINER GLASS BELGIUM
S6331A-SST	S6331A	BATCH TRANSPORT END +18.374	DE040733A	18.374	CINER GLASS BELGIUM
S6351A-B1	S6351A	BATCH TRANSPORT END +13.680	DE040733A	13.68	CINER GLASS BELGIUM
S6351A-LSH1	S6351A	BATCH TRANSPORT END +13.680	DE040733A	13.68	CINER GLASS BELGIUM
S6351A-M1	S6351A	BATCH TRANSPORT END +13.680	DE040733A	13.68	CINER GLASS BELGIUM
S6351A-M2	S6351A	BATCH TRANSPORT END +13.680	DE040733A	13.68	CINER GLASS BELGIUM
S6351A-SST	S6351A	BATCH TRANSPORT END +13.680	DE040733A	13.68	CINER GLASS BELGIUM
S6371A-B1	S6371A	BATCH TRANSPORT END +21.341	DE040733A	21.341	CINER GLASS BELGIUM
S6371A-LSH1	S6371A	BATCH TRANSPORT END +21.341	DE040733A	21.341	CINER GLASS BELGIUM
S6371A-M1	S6371A	BATCH TRANSPORT END +21.341	DE040733A	21.341	CINER GLASS BELGIUM
S6371A-M2	S6371A	BATCH TRANSPORT END +21.341	DE040733A	21.341	CINER GLASS BELGIUM
S6371A-SST	S6371A	BATCH TRANSPORT END +21.341	DE040733A	21.341	CINER GLASS BELGIUM
SC1953-D1	1953	BATCH HOUSE +22.760	DE040724A	22.76	CINER GLASS BELGIUM
SC1953-M1	1953	BATCH HOUSE +22.760	DE040724A	22.76	CINER GLASS BELGIUM
SC1953-XV1	1953	BATCH HOUSE +22.760	DE040724A	22.76	CINER GLASS BELGIUM
SC1953-ZS1	1953	BATCH HOUSE +22.760	DE040724A	22.76	CINER GLASS BELGIUM
SC4162A-M1	4162	BATCH HOUSE +8.190...+9.965	DE040721A	+8.190...+9.965	CINER GLASS BELGIUM
SC4162A-M2	4162	BATCH HOUSE +8.190...+9.965	DE040721A	+8.190...+9.965	CINER GLASS BELGIUM
SC4162A-XV1	4162	BATCH HOUSE +10.435
SC4162A-ZS1	4162	BATCH HOUSE +8.190...+9.965	DE040721A	+8.190...+9.965	CINER GLASS BELGIUM
SC4162B-M1	4162	BATCH HOUSE +8.190...+9.965	DE040721A	+8.190...+9.965	CINER GLASS BELGIUM
SC4162B-M2	4162	BATCH HOUSE +8.190...+9.965	DE040721A	+8.190...+9.965	CINER GLASS BELGIUM
SC4162B-ZS1	4162	BATCH HOUSE +8.190...+9.965	DE040721A	+8.190...+9.965	CINER GLASS BELGIUM
SC4182A-M1	4182	BATCH HOUSE +8.190...+9.965	DE040721A	+8.190...+9.965	CINER GLASS BELGIUM
SC4182A-M2	4182	BATCH HOUSE +8.190...+9.965	DE040721A	+8.190...+9.965	CINER GLASS BELGIUM
SC4182A-ZS1	4182	BATCH HOUSE +8.190...+9.965	DE040721A	+8.190...+9.965	CINER GLASS BELGIUM
SC4182B-M1	4182	BATCH HOUSE +8.190...+9.965	DE040721A	+8.190...+9.965	CINER GLASS BELGIUM
SC4182B-M2	4182	BATCH HOUSE +8.190...+9.965	DE040721A	+8.190...+9.965	CINER GLASS BELGIUM
SC4182B-ZS1	4182	BATCH HOUSE +8.190...+9.965	DE040721A	+8.190...+9.965	CINER GLASS BELGIUM
SC4202A-M1	4202	BATCH HOUSE +8.190...+9.965	DE040721A	+8.190...+9.965	CINER GLASS BELGIUM
SC4202A-M2	4202	BATCH HOUSE +8.190...+9.965	DE040721A	+8.190...+9.965	CINER GLASS BELGIUM
SC4202A-ZS1	4202	BATCH HOUSE +8.190...+9.965	DE040721A	+8.190...+9.965	CINER GLASS BELGIUM
SC4202B-M1	4202	BATCH HOUSE +8.190...+9.965	DE040721A	+8.190...+9.965	CINER GLASS BELGIUM
SC4202B-M2	4202	BATCH HOUSE +8.190...+9.965	DE040721A	+8.190...+9.965	CINER GLASS BELGIUM
SC4202B-ZS1	4202	BATCH HOUSE +8.190...+9.965	DE040721A	+8.190...+9.965	CINER GLASS BELGIUM
SC4222A-M1	4222	BATCH HOUSE +8.190...+9.965	DE040721A	+8.190...+9.965	CINER GLASS BELGIUM
SC4222A-M2	4222	BATCH HOUSE +8.190...+9.965	DE040721A	+8.190...+9.965	CINER GLASS BELGIUM
SC4222A-ZS1	4222	BATCH HOUSE +8.190...+9.965	DE040721A	+8.190...+9.965	CINER GLASS BELGIUM
SC4222B-M1	4222	BATCH HOUSE +8.190...+9.965	DE040721A	+8.190...+9.965	CINER GLASS BELGIUM
SC4222B-M2	4222	BATCH HOUSE +8.190...+9.965	DE040721A	+8.190...+9.965	CINER GLASS BELGIUM
SC4222B-ZS1	4222	BATCH HOUSE +8.190...+9.965	DE040721A	+8.190...+9.965	CINER GLASS BELGIUM
SC4242A-M1	4242	BATCH HOUSE +8.190...+9.965	DE040721A	+8.190...+9.965	CINER GLASS BELGIUM
SC4242A-M2	4242	BATCH HOUSE +8.190...+9.965	DE040721A	+8.190...+9.965	CINER GLASS BELGIUM
SC4242A-ZS1	4242	BATCH HOUSE +8.190...+9.965	DE040721A	+8.190...+9.965	CINER GLASS BELGIUM
SC4242B-M1	4242	BATCH HOUSE +8.190...+9.965	DE040721A	+8.190...+9.965	CINER GLASS BELGIUM
SC4242B-M2	4242	BATCH HOUSE +8.190...+9.965	DE040721A	+8.190...+9.965	CINER GLASS BELGIUM
SC4242B-ZS1	4242	BATCH HOUSE +8.190...+9.965	DE040721A	+8.190...+9.965	CINER GLASS BELGIUM
SC4262A-M1	4262	BATCH HOUSE +8.190...+9.965	DE040721A	+8.190...+9.965	CINER GLASS BELGIUM
SC4262A-M2	4262	BATCH HOUSE +8.190...+9.965	DE040721A	+8.190...+9.965	CINER GLASS BELGIUM
SC4262A-ZS1	4262	BATCH HOUSE +8.190...+9.965	DE040721A	+8.190...+9.965	CINER GLASS BELGIUM
SC4262B-M1	4262	BATCH HOUSE +8.190...+9.965	DE040721A	+8.190...+9.965	CINER GLASS BELGIUM
SC4262B-M2	4262	BATCH HOUSE +8.190...+9.965	DE040721A	+8.190...+9.965	CINER GLASS BELGIUM
SC4262B-ZS1	4262	BATCH HOUSE +8.190...+9.965	DE040721A	+8.190...+9.965	CINER GLASS BELGIUM
SC4315-Q1	4315	BATCH HOUSE +10.435
T8260	T8260	CULLET TOWER +26.300	DE040730A	26.3	CNUD
T8350	T8350	CULLET TOWER +22.700	DE040730A	22.7	CNUD
TB12	TB12	BATCH HOUSE -3.850	DE040718A	-3.85	CINER GLASS BELGIUM
TB120	120	BATCH TRANSPORT END +21.341	DE040733A	21.341	CINER GLASS BELGIUM
TB130	130	BATCH TRANSPORT END +21.341	DE040733A	21.341	CINER GLASS BELGIUM
TB264	264	CULLET TOWER -3.500	DE040727A	-3.5	CINER GLASS BELGIUM
TB30	TB30	BATCH HOUSE +22.760	DE040724A	22.76	CINER GLASS BELGIUM
TB301	301	BATCH HOUSE CULLET RETURN	DE040734A	CULLET RETURN	AGC GLASS BELGIUM
TB302	302	BATCH HOUSE CULLET RETURN	DE040734A	CULLET RETURN	AGC GLASS BELGIUM
TB303	303	BATCH HOUSE CULLET RETURN	DE040734A	CULLET RETURN	AGC GLASS BELGIUM
TB304	304	BATCH HOUSE CULLET RETURN	DE040734A	CULLET RETURN	AGC GLASS BELGIUM
TB305	305	BATCH HOUSE CULLET RETURN	DE040734A	CULLET RETURN	AGC GLASS BELGIUM
TB306	306	BATCH HOUSE CULLET RETURN	DE040734A	CULLET RETURN	AGC GLASS BELGIUM
TB307	307	BATCH HOUSE CULLET RETURN	DE040734A	CULLET RETURN	AGC GLASS BELGIUM
TB308	308	BATCH HOUSE CULLET RETURN	DE040734A	CULLET RETURN	AGC GLASS BELGIUM
TB309	309	BATCH HOUSE CULLET RETURN	DE040734A	CULLET RETURN	AGC GLASS BELGIUM
TB310	310	BATCH HOUSE CULLET RETURN	DE040734A	CULLET RETURN	AGC GLASS BELGIUM
TB311	311	BATCH HOUSE CULLET RETURN	DE040734A	CULLET RETURN	AGC GLASS BELGIUM
TB312	312	BATCH HOUSE CULLET RETURN	DE040734A	CULLET RETURN	AGC GLASS BELGIUM
TB313	313	BATCH HOUSE CULLET RETURN	DE040734A	CULLET RETURN	AGC GLASS BELGIUM
TB314	314	BATCH HOUSE CULLET RETURN	DE040734A	CULLET RETURN	AGC GLASS BELGIUM
TB315	315	BATCH HOUSE CULLET RETURN	DE040734A	CULLET RETURN	AGC GLASS BELGIUM
TB316	316	BATCH HOUSE CULLET RETURN	DE040734A	CULLET RETURN	AGC GLASS BELGIUM
TB317	317	BATCH HOUSE CULLET RETURN	DE040734A	CULLET RETURN	AGC GLASS BELGIUM
TB318	318	BATCH HOUSE CULLET RETURN	DE040734A	CULLET RETURN	AGC GLASS BELGIUM
TB319	319	BATCH HOUSE CULLET RETURN	DE040734A	CULLET RETURN	AGC GLASS BELGIUM
TB320	320	BATCH HOUSE CULLET RETURN	DE040734A	CULLET RETURN	AGC GLASS BELGIUM
TB321	321	BATCH HOUSE CULLET RETURN	DE040734A	CULLET RETURN	AGC GLASS BELGIUM
TW4124A-XV1	4124	BATCH HOUSE +10.435
TW4124A-XV2	4124	BATCH HOUSE +10.435
TW4124A-XV3	4124	BATCH HOUSE +10.435
TW4454A-XV1	4454	CULLET TOWER +22.700	DE040730A	22.7	CNUD
TW4454A-XV2	4454	CULLET TOWER +22.700	DE040730A	22.7	CNUD
TW4454A-XV3	4454	CULLET TOWER +22.700	DE040730A	22.7	CNUD
TW4464A-XV1	4464	CULLET TOWER +22.700	DE040730A	22.7	CNUD
TW4464A-XV2	4464	CULLET TOWER +22.700	DE040730A	22.7	CNUD
TW4464A-XV3	4464	CULLET TOWER +22.700	DE040730A	22.7	CNUD
TW5122-XV1	5122	BATCH HOUSE +5.135	DE040720A	5.135	CINER GLASS BELGIUM
TW5122-XV2	5122	BATCH HOUSE +5.135	DE040720A	5.135	CINER GLASS BELGIUM
TW5222-XV1	5222	BATCH HOUSE +5.135	DE040720A	5.135	CINER GLASS BELGIUM
TW5222-XV2	5222	BATCH HOUSE +5.135	DE040720A	5.135	CINER GLASS BELGIUM
TW5322-XV1	5322	BATCH HOUSE +5.135	DE040720A	5.135	CINER GLASS BELGIUM
TW5322-XV2	5322	BATCH HOUSE +5.135	DE040720A	5.135	CINER GLASS BELGIUM
VF1145A-D1	1145	CULLET TOWER +0.000	DE040728A	0	CINER GLASS BELGIUM
VF1145A-M1	1145	CULLET TOWER +0.000	DE040728A	0	CINER GLASS BELGIUM
VF1145A-M2	1145	CULLET TOWER +0.000	DE040728A	0	CINER GLASS BELGIUM
VF1181A-D1	1181	CULLET TOWER +0.000	DE040728A	0	CINER GLASS BELGIUM
VF1181A-M1	1181	CULLET TOWER +0.000	DE040728A	0	CINER GLASS BELGIUM
VF1181A-M2	1181	CULLET TOWER +0.000	DE040728A	0	CINER GLASS BELGIUM
VF1321A-CU1	1321	CULLET TOWER -5.000	DE040727A	-5	CINER GLASS BELGIUM
VF1321A-JB1	1321	CULLET TOWER -5.000	DE040727A	-5	CINER GLASS BELGIUM
VF1321A-MGC1	1321	CULLET TOWER -5.000	DE040727A	-5	CINER GLASS BELGIUM
VF1322A-CU1	1322	CULLET TOWER -5.000	DE040727A	-5	CINER GLASS BELGIUM
VF1322A-JB1	1322	CULLET TOWER -5.000	DE040727A	-5	CINER GLASS BELGIUM
VF1322A-MGC1	1322	CULLET TOWER -5.000	DE040727A	-5	CINER GLASS BELGIUM
VF1323A-CU1	1323	CULLET TOWER -5.000	DE040727A	-5	CINER GLASS BELGIUM
VF1323A-JB1	1323	CULLET TOWER -5.000	DE040727A	-5	CINER GLASS BELGIUM
VF1323A-MGC1	1323	CULLET TOWER -5.000	DE040727A	-5	CINER GLASS BELGIUM
VF1721A-FD1	1721	CULLET TOWER -5.000	DE040727A	-5	CINER GLASS BELGIUM
VF1721A-M1	1721	CULLET TOWER -5.000	DE040727A	-5	CINER GLASS BELGIUM
VF1721A-M2	1721	CULLET TOWER -5.000	DE040727A	-5	CINER GLASS BELGIUM
VF1731A-FD1	1731	CULLET TOWER -5.000	DE040727A	-5	CINER GLASS BELGIUM
VF1731A-M1	1731	CULLET TOWER -5.000	DE040727A	-5	CINER GLASS BELGIUM
VF1731A-M2	1731	CULLET TOWER -5.000	DE040727A	-5	CINER GLASS BELGIUM
VF1750A-Q1	1750	CULLET TOWER -3.500	DE040727A	-3.5	CINER GLASS BELGIUM
VF4115A-M1	4115	BATCH HOUSE +10.435
VF4122A-JB1	4122	BATCH HOUSE +8.190...+9.965	DE040721A	+8.190...+9.965	CINER GLASS BELGIUM
VF4122A-MGE1	4122	BATCH HOUSE +8.190...+9.965	DE040721A	+8.190...+9.965	CINER GLASS BELGIUM
VF4122A-XV1	4122	BATCH HOUSE +8.190...+9.965	DE040721A	+8.190...+9.965	CINER GLASS BELGIUM
VF4122A-ZS1	4122	BATCH HOUSE +8.190...+9.965	DE040721A	+8.190...+9.965	CINER GLASS BELGIUM
VF4122A-ZS2	4122	BATCH HOUSE +8.190...+9.965	DE040721A	+8.190...+9.965	CINER GLASS BELGIUM
VF4122B-JB1	4122	BATCH HOUSE +8.190...+9.965	DE040721A	+8.190...+9.965	CINER GLASS BELGIUM
VF4122B-MGE1	4122	BATCH HOUSE +8.190...+9.965	DE040721A	+8.190...+9.965	CINER GLASS BELGIUM
VF4122B-XV1	4122	BATCH HOUSE +8.190...+9.965	DE040721A	+8.190...+9.965	CINER GLASS BELGIUM
VF4122B-ZS1	4122	BATCH HOUSE +8.190...+9.965	DE040721A	+8.190...+9.965	CINER GLASS BELGIUM
VF4122B-ZS2	4122	BATCH HOUSE +8.190...+9.965	DE040721A	+8.190...+9.965	CINER GLASS BELGIUM
VF4142A-JB1	4142	BATCH HOUSE +8.190...+9.965	DE040721A	+8.190...+9.965	CINER GLASS BELGIUM
VF4142A-MGE1	4142	BATCH HOUSE +8.190...+9.965	DE040721A	+8.190...+9.965	CINER GLASS BELGIUM
VF4142A-XV1	4142	BATCH HOUSE +8.190...+9.965	DE040721A	+8.190...+9.965	CINER GLASS BELGIUM
VF4142A-ZS1	4142	BATCH HOUSE +8.190...+9.965	DE040721A	+8.190...+9.965	CINER GLASS BELGIUM
VF4142A-ZS2	4142	BATCH HOUSE +8.190...+9.965	DE040721A	+8.190...+9.965	CINER GLASS BELGIUM
VF4142B-JB1	4142	BATCH HOUSE +8.190...+9.965	DE040721A	+8.190...+9.965	CINER GLASS BELGIUM
VF4142B-MGE1	4142	BATCH HOUSE +8.190...+9.965	DE040721A	+8.190...+9.965	CINER GLASS BELGIUM
VF4142B-XV1	4142	BATCH HOUSE +8.190...+9.965	DE040721A	+8.190...+9.965	CINER GLASS BELGIUM
VF4142B-ZS1	4142	BATCH HOUSE +8.190...+9.965	DE040721A	+8.190...+9.965	CINER GLASS BELGIUM
VF4142B-ZS2	4142	BATCH HOUSE +8.190...+9.965	DE040721A	+8.190...+9.965	CINER GLASS BELGIUM
VF4452A-EU1	4452	CULLET TOWER +18.800	DE040729A	18.8	CINER GLASS BELGIUM
VF4452A-M2X1	4452	CULLET TOWER +18.800	DE040729A	18.8	CINER GLASS BELGIUM
VF4452B-EU1	4452	CULLET TOWER +18.800	DE040729A	18.8	CINER GLASS BELGIUM
VF4452B-M2X1	4452	CULLET TOWER +18.800	DE040729A	18.8	CINER GLASS BELGIUM
VF9331A-D1	9331	CULLET TOWER +0.000	DE040728A	0	CINER GLASS BELGIUM
WV4555-XV1	4555	BATCH HOUSE +5.135	DE040720A	5.135	CINER GLASS BELGIUM
WV4555-ZS1	4555	BATCH HOUSE +5.135	DE040720A	5.135	CINER GLASS BELGIUM
WV4555-ZS2	4555	BATCH HOUSE +5.135	DE040720A	5.135	CINER GLASS BELGIUM
WV4556-XV1	4556	BATCH HOUSE +5.135	DE040720A	5.135	CINER GLASS BELGIUM
WV4557-ZS1	4557	BATCH HOUSE +5.135	DE040720A	5.135	CINER GLASS BELGIUM
YB119	119	BATCH TRANSPORT START +20.730 / +18.370	DE040732A	1.128470332	CINER GLASS BELGIUM
